municipio_chave,nome_municipio,sigla_uf,n_ocorrencias,n_pessoas,n_mortos,n_feridos_graves,n_veiculos,prop_fim_semana,prop_noite,prop_chuva,prop_pista_simples,concentracao_causa,taxa_letalidade,taxa_feridos_graves,veiculos_medio,log_n_ocorrencias,cluster
ABADIA DE GOIAS - GO,ABADIA DE GOIAS,GO,36,83,1,7,58,0.3611111111111111,0.1388888888888889,0.1111111111111111,0.027777777777777776,0.16666666666666666,0.012048192771084338,0.08433734939759036,1.6111111111111112,3.6109179126442243,1
ABADIANIA - GO,ABADIANIA,GO,70,173,7,22,122,0.32857142857142857,0.07142857142857142,0.07142857142857142,0.38571428571428573,0.12857142857142856,0.04046242774566474,0.12716763005780346,1.7428571428571429,4.2626798770413155,1
ABREU E LIMA - PE,ABREU E LIMA,PE,85,212,2,28,184,0.25882352941176473,0.047058823529411764,0.03529411764705882,0.047058823529411764,0.18823529411764706,0.009433962264150943,0.1320754716981132,2.164705882352941,4.454347296253507,1
ACAILANDIA - MA,ACAILANDIA,MA,90,270,15,42,222,0.4111111111111111,0.05555555555555555,0.03333333333333333,1.0,0.16666666666666666,0.05555555555555555,0.15555555555555556,2.466666666666667,4.51085950651685,0
ACREUNA - GO,ACREUNA,GO,30,72,3,9,56,0.3,0.06666666666666667,0.03333333333333333,0.0,0.26666666666666666,0.041666666666666664,0.125,1.8666666666666667,3.4339872044851463,1
AGUA BOA - MT,AGUA BOA,MT,40,151,5,16,85,0.3,0.125,0.1,0.925,0.3,0.033112582781456956,0.10596026490066225,2.125,3.713572066704308,0
AGUAS LINDAS DE GOIAS - GO,AGUAS LINDAS DE GOIAS,GO,116,270,8,29,208,0.3879310344827586,0.05172413793103448,0.10344827586206896,0.008620689655172414,0.1896551724137931,0.02962962962962963,0.10740740740740741,1.793103448275862,4.762173934797756,1
AGUAS MORNAS - SC,AGUAS MORNAS,SC,82,233,10,36,149,0.4268292682926829,0.13414634146341464,0.3780487804878049,0.9512195121951219,0.1951219512195122,0.04291845493562232,0.15450643776824036,1.8170731707317074,4.418840607796598,0
ALAGOINHAS - BA,ALAGOINHAS,BA,81,222,8,29,180,0.3333333333333333,0.09876543209876543,0.09876543209876543,0.9876543209876543,0.16049382716049382,0.036036036036036036,0.13063063063063063,2.2222222222222223,4.406719247264253,0
ALEM PARAIBA - MG,ALEM PARAIBA,MG,36,72,4,6,50,0.2777777777777778,0.027777777777777776,0.05555555555555555,1.0,0.25,0.05555555555555555,0.08333333333333333,1.3888888888888888,3.6109179126442243,0
ALEXANIA - GO,ALEXANIA,GO,83,207,4,15,136,0.3493975903614458,0.03614457831325301,0.1566265060240964,0.012048192771084338,0.25301204819277107,0.01932367149758454,0.07246376811594203,1.6385542168674698,4.430816798843313,1
ALFREDO WAGNER - SC,ALFREDO WAGNER,SC,45,135,10,17,94,0.26666666666666666,0.044444444444444446,0.2222222222222222,0.9777777777777777,0.28888888888888886,0.07407407407407407,0.1259259259259259,2.088888888888889,3.828641396489095,0
ALTAMIRA - PA,ALTAMIRA,PA,54,157,11,21,122,0.5740740740740741,0.09259259259259259,0.09259259259259259,0.9444444444444444,0.25925925925925924,0.07006369426751592,0.1337579617834395,2.259259259259259,4.007333185232471,0
ALTO GARCAS - MT,ALTO GARCAS,MT,32,105,2,9,88,0.40625,0.03125,0.0,0.96875,0.15625,0.01904761904761905,0.08571428571428572,2.75,3.4965075614664802,0
ALTOS - PI,ALTOS,PI,103,247,5,51,197,0.3883495145631068,0.04854368932038835,0.02912621359223301,1.0,0.17475728155339806,0.020242914979757085,0.20647773279352227,1.912621359223301,4.6443908991413725,0
AMELIA RODRIGUES - BA,AMELIA RODRIGUES,BA,58,180,3,9,141,0.25862068965517243,0.05172413793103448,0.10344827586206896,0.017241379310344827,0.1896551724137931,0.016666666666666666,0.05,2.4310344827586206,4.07753744390572,1
ANAPOLIS - GO,ANAPOLIS,GO,326,715,10,104,574,0.2822085889570552,0.049079754601226995,0.1165644171779141,0.18404907975460122,0.15337423312883436,0.013986013986013986,0.14545454545454545,1.7607361963190185,5.7899601708972535,1
ANASTACIO - MS,ANASTACIO,MS,30,81,1,10,53,0.43333333333333335,0.0,0.03333333333333333,0.9666666666666667,0.16666666666666666,0.012345679012345678,0.12345679012345678,1.7666666666666666,3.4339872044851463,0
ANCHIETA - ES,ANCHIETA,ES,46,158,8,18,108,0.2608695652173913,0.021739130434782608,0.1956521739130435,0.782608695652174,0.17391304347826086,0.05063291139240506,0.11392405063291139,2.347826086956522,3.8501476017100584,0
ANGRA DOS REIS - RJ,ANGRA DOS REIS,RJ,365,875,11,157,676,0.3424657534246575,0.057534246575342465,0.18904109589041096,0.915068493150685,0.1643835616438356,0.012571428571428572,0.17942857142857144,1.8520547945205479,5.902633333401366,1
APARECIDA - SP,APARECIDA,SP,71,177,2,12,140,0.323943661971831,0.07042253521126761,0.1267605633802817,0.1267605633802817,0.22535211267605634,0.011299435028248588,0.06779661016949153,1.971830985915493,4.276666119016055,1
APARECIDA DE GOIANIA - GO,APARECIDA DE GOIANIA,GO,131,307,10,36,255,0.24427480916030533,0.04580152671755725,0.06870229007633588,0.11450381679389313,0.24427480916030533,0.03257328990228013,0.11726384364820847,1.9465648854961832,4.882801922586371,1
APARECIDA DO TABOADO - MS,APARECIDA DO TABOADO,MS,30,84,7,7,62,0.4,0.03333333333333333,0.03333333333333333,1.0,0.2,0.08333333333333333,0.08333333333333333,2.066666666666667,3.4339872044851463,0
APIUNA - SC,APIUNA,SC,59,153,5,22,125,0.3220338983050847,0.06779661016949153,0.0847457627118644,1.0,0.15254237288135594,0.032679738562091505,0.1437908496732026,2.1186440677966103,4.0943445622221,0
APUCARANA - PR,APUCARANA,PR,160,424,2,48,304,0.2875,0.1125,0.04375,0.475,0.15625,0.0047169811320754715,0.11320754716981132,1.9,5.081404364984463,1
AQUIRAZ - CE,AQUIRAZ,CE,36,89,3,5,73,0.3888888888888889,0.05555555555555555,0.16666666666666666,0.027777777777777776,0.16666666666666666,0.033707865168539325,0.056179775280898875,2.0277777777777777,3.6109179126442243,1
ARACAJU - SE,ARACAJU,SE,31,71,1,11,55,0.25806451612903225,0.0967741935483871,0.06451612903225806,0.06451612903225806,0.1935483870967742,0.014084507042253521,0.15492957746478872,1.7741935483870968,3.4657359027997265,1
ARACATI - CE,ARACATI,CE,63,194,2,28,116,0.2857142857142857,0.12698412698412698,0.015873015873015872,0.6666666666666666,0.23809523809523808,0.010309278350515464,0.14432989690721648,1.8412698412698412,4.1588830833596715,1
ARACRUZ - ES,ARACRUZ,ES,39,120,9,21,92,0.4358974358974359,0.05128205128205128,0.07692307692307693,0.9230769230769231,0.20512820512820512,0.075,0.175,2.358974358974359,3.6888794541139363,0
ARAGUAINA - TO,ARAGUAINA,TO,88,238,7,20,191,0.26136363636363635,0.011363636363636364,0.022727272727272728,0.3977272727272727,0.2159090909090909,0.029411764705882353,0.08403361344537816,2.1704545454545454,4.48863636973214,1
ARAGUARI - MG,ARAGUARI,MG,121,263,5,18,222,0.4049586776859504,0.049586776859504134,0.12396694214876033,0.049586776859504134,0.2231404958677686,0.019011406844106463,0.06844106463878327,1.834710743801653,4.804021044733257,1
ARAPONGAS - PR,ARAPONGAS,PR,102,248,4,30,195,0.35294117647058826,0.08823529411764706,0.0,0.6372549019607843,0.1568627450980392,0.016129032258064516,0.12096774193548387,1.911764705882353,4.634728988229636,1
ARAPORA - MG,ARAPORA,MG,34,84,2,11,63,0.35294117647058826,0.08823529411764706,0.058823529411764705,0.058823529411764705,0.20588235294117646,0.023809523809523808,0.13095238095238096,1.8529411764705883,3.5553480614894135,1
ARAQUARI - SC,ARAQUARI,SC,284,754,14,49,608,0.31690140845070425,0.06690140845070422,0.12323943661971831,0.6373239436619719,0.21830985915492956,0.01856763925729443,0.0649867374005305,2.140845070422535,5.652489180268651,1
ARARANGUA - SC,ARARANGUA,SC,118,282,7,23,219,0.3559322033898305,0.025423728813559324,0.11016949152542373,0.3983050847457627,0.11864406779661017,0.024822695035460994,0.08156028368794327,1.8559322033898304,4.77912349311153,1
ARARIPINA - PE,ARARIPINA,PE,31,85,12,20,67,0.3870967741935484,0.0,0.03225806451612903,0.967741935483871,0.1935483870967742,0.1411764705882353,0.23529411764705882,2.161290322580645,3.4657359027997265,0
ARAUCARIA - PR,ARAUCARIA,PR,115,274,7,22,239,0.33043478260869563,0.11304347826086956,0.10434782608695652,0.3217391304347826,0.1391304347826087,0.025547445255474453,0.08029197080291971,2.0782608695652174,4.7535901911063645,1
ARCOVERDE - PE,ARCOVERDE,PE,36,92,7,23,74,0.25,0.027777777777777776,0.1111111111111111,0.9166666666666666,0.19444444444444445,0.07608695652173914,0.25,2.0555555555555554,3.6109179126442243,0
AREAL - RJ,AREAL,RJ,41,124,3,12,64,0.2926829268292683,0.04878048780487805,0.21951219512195122,0.04878048780487805,0.21951219512195122,0.024193548387096774,0.0967741935483871,1.5609756097560976,3.7376696182833684,1
ARIQUEMES - RO,ARIQUEMES,RO,66,228,4,24,176,0.36363636363636365,0.045454545454545456,0.030303030303030304,0.9393939393939394,0.24242424242424243,0.017543859649122806,0.10526315789473684,2.6666666666666665,4.204692619390966,0
ARUJA - SP,ARUJA,SP,76,172,2,11,142,0.27631578947368424,0.02631578947368421,0.039473684210526314,0.013157894736842105,0.35526315789473684,0.011627906976744186,0.06395348837209303,1.868421052631579,4.343805421853684,1
ATALAIA - AL,ATALAIA,AL,42,111,3,22,77,0.4523809523809524,0.047619047619047616,0.07142857142857142,0.9761904761904762,0.19047619047619047,0.02702702702702703,0.1981981981981982,1.8333333333333333,3.7612001156935624,0
ATIBAIA - SP,ATIBAIA,SP,178,451,6,28,358,0.3089887640449438,0.056179775280898875,0.08426966292134831,0.0898876404494382,0.25280898876404495,0.013303769401330377,0.06208425720620843,2.0112359550561796,5.187385805840755,1
BACABEIRA - MA,BACABEIRA,MA,54,155,8,13,99,0.2777777777777778,0.07407407407407407,0.07407407407407407,0.14814814814814814,0.2222222222222222,0.05161290322580645,0.08387096774193549,1.8333333333333333,4.007333185232471,1
BALNEARIO CAMBORIU - SC,BALNEARIO CAMBORIU,SC,374,775,8,81,687,0.2967914438502674,0.05080213903743316,0.11764705882352941,0.14171122994652408,0.2620320855614973,0.01032258064516129,0.10451612903225807,1.8368983957219251,5.926926025970411,1
BALNEARIO PICARRAS - SC,BALNEARIO PICARRAS,SC,76,176,8,26,150,0.32894736842105265,0.02631578947368421,0.15789473684210525,0.039473684210526314,0.19736842105263158,0.045454545454545456,0.14772727272727273,1.9736842105263157,4.343805421853684,1
BALSA NOVA - PR,BALSA NOVA,PR,57,238,4,13,178,0.3684210526315789,0.03508771929824561,0.24561403508771928,0.14035087719298245,0.3684210526315789,0.01680672268907563,0.0546218487394958,3.1228070175438596,4.060443010546419,1
BALSAS - MA,BALSAS,MA,46,141,5,26,102,0.391304347826087,0.08695652173913043,0.0,0.9565217391304348,0.34782608695652173,0.03546099290780142,0.18439716312056736,2.217391304347826,3.8501476017100584,0
BANDEIRANTES - MS,BANDEIRANTES,MS,43,191,8,16,102,0.2558139534883721,0.046511627906976744,0.06976744186046512,0.8837209302325582,0.23255813953488372,0.041884816753926704,0.08376963350785341,2.372093023255814,3.784189633918261,0
BANDEIRANTES - PR,BANDEIRANTES,PR,35,85,1,14,63,0.37142857142857144,0.11428571428571428,0.02857142857142857,0.9714285714285714,0.2,0.011764705882352941,0.16470588235294117,1.8,3.58351893845611,0
BARBACENA - MG,BARBACENA,MG,79,178,4,20,128,0.3670886075949367,0.08860759493670886,0.16455696202531644,0.189873417721519,0.189873417721519,0.02247191011235955,0.11235955056179775,1.620253164556962,4.382026634673881,1
BARRA DO GARCAS - MT,BARRA DO GARCAS,MT,175,451,5,33,366,0.2742857142857143,0.04,0.08,0.7028571428571428,0.14857142857142858,0.011086474501108648,0.07317073170731707,2.0914285714285716,5.170483995038151,1
BARRA DO PIRAI - RJ,BARRA DO PIRAI,RJ,78,177,3,19,150,0.34615384615384615,0.02564102564102564,0.07692307692307693,0.9871794871794872,0.14102564102564102,0.01694915254237288,0.10734463276836158,1.9230769230769231,4.3694478524670215,0
BARRA DO TURVO - SP,BARRA DO TURVO,SP,165,495,7,11,314,0.2727272727272727,0.07878787878787878,0.38181818181818183,0.4121212121212121,0.7393939393939394,0.014141414141414142,0.022222222222222223,1.903030303030303,5.111987788356544,1
BARRA MANSA - RJ,BARRA MANSA,RJ,133,338,4,29,248,0.3233082706766917,0.045112781954887216,0.15789473684210525,0.17293233082706766,0.18796992481203006,0.011834319526627219,0.08579881656804733,1.8646616541353382,4.897839799950911,1
BARRA VELHA - SC,BARRA VELHA,SC,122,296,3,35,227,0.4016393442622951,0.040983606557377046,0.08196721311475409,0.1721311475409836,0.16393442622950818,0.010135135135135136,0.11824324324324324,1.860655737704918,4.812184355372417,1
BARRACAO - PR,BARRACAO,PR,40,102,6,14,82,0.325,0.075,0.075,0.9,0.275,0.058823529411764705,0.13725490196078433,2.05,3.713572066704308,0
BARREIRAS - BA,BARREIRAS,BA,100,382,19,75,232,0.37,0.04,0.12,0.95,0.26,0.049738219895287955,0.19633507853403143,2.32,4.61512051684126,0
BAYEUX - PB,BAYEUX,PB,115,261,3,19,215,0.3217391304347826,0.06956521739130435,0.10434782608695652,0.02608695652173913,0.20869565217391303,0.011494252873563218,0.07279693486590039,1.8695652173913044,4.7535901911063645,1
BELO HORIZONTE - MG,BELO HORIZONTE,MG,93,241,6,32,191,0.3010752688172043,0.043010752688172046,0.053763440860215055,0.3548387096774194,0.16129032258064516,0.024896265560165973,0.13278008298755187,2.053763440860215,4.543294782270004,1
BENTO GONCALVES - RS,BENTO GONCALVES,RS,114,295,3,12,212,0.2543859649122807,0.07017543859649122,0.20175438596491227,0.7017543859649122,0.2807017543859649,0.010169491525423728,0.04067796610169491,1.8596491228070176,4.74493212836325,1
BETIM - MG,BETIM,MG,699,1769,23,140,1403,0.27467811158798283,0.055793991416309016,0.07439198855507868,0.0357653791130186,0.28469241773962806,0.013001695873374788,0.0791407574901074,2.007153075822604,6.551080335043404,1
BEZERROS - PE,BEZERROS,PE,36,91,9,19,60,0.4722222222222222,0.08333333333333333,0.1388888888888889,0.1388888888888889,0.1388888888888889,0.0989010989010989,0.2087912087912088,1.6666666666666667,3.6109179126442243,0
BIGUACU - SC,BIGUACU,SC,295,674,6,31,504,0.33220338983050846,0.03728813559322034,0.2135593220338983,0.06440677966101695,0.2677966101694915,0.008902077151335312,0.04599406528189911,1.7084745762711864,5.69035945432406,1
BLUMENAU - SC,BLUMENAU,SC,230,560,8,53,467,0.27391304347826084,0.0391304347826087,0.08695652173913043,0.8260869565217391,0.2608695652173913,0.014285714285714285,0.09464285714285714,2.0304347826086957,5.442417710521793,1
BOA VISTA - RR,BOA VISTA,RR,47,108,3,12,82,0.40425531914893614,0.02127659574468085,0.0851063829787234,0.8085106382978723,0.10638297872340426,0.027777777777777776,0.1111111111111111,1.7446808510638299,3.8712010109078907,0
BOM DESPACHO - MG,BOM DESPACHO,MG,33,91,0,12,65,0.36363636363636365,0.030303030303030304,0.21212121212121213,1.0,0.24242424242424243,0.0,0.13186813186813187,1.9696969696969697,3.5263605246161616,0
BOM JESUS - PI,BOM JESUS,PI,31,86,1,10,55,0.3870967741935484,0.03225806451612903,0.06451612903225806,0.5483870967741935,0.3225806451612903,0.011627906976744186,0.11627906976744186,1.7741935483870968,3.4657359027997265,0
BOM RETIRO - SC,BOM RETIRO,SC,36,138,9,5,78,0.2777777777777778,0.08333333333333333,0.1111111111111111,1.0,0.25,0.06521739130434782,0.036231884057971016,2.1666666666666665,3.6109179126442243,0
BRAGANCA PAULISTA - SP,BRAGANCA PAULISTA,SP,51,135,3,9,101,0.23529411764705882,0.0,0.11764705882352941,0.09803921568627451,0.27450980392156865,0.022222222222222223,0.06666666666666667,1.9803921568627452,3.9512437185814275,1
BRASILIA - DF,BRASILIA,DF,1056,2679,28,195,1979,0.29450757575757575,0.056818181818181816,0.09185606060606061,0.10132575757575757,0.1543560606060606,0.010451661067562523,0.07278835386338185,1.8740530303030303,6.963189985870238,1
BRUMADINHO - MG,BRUMADINHO,MG,66,173,1,14,113,0.3939393939393939,0.09090909090909091,0.2727272727272727,0.0,0.3333333333333333,0.005780346820809248,0.08092485549132948,1.7121212121212122,4.204692619390966,1
CABEDELO - PB,CABEDELO,PB,159,342,2,37,278,0.2641509433962264,0.050314465408805034,0.09433962264150944,0.12578616352201258,0.16352201257861634,0.005847953216374269,0.10818713450292397,1.748427672955975,5.075173815233827,1
CABO DE SANTO AGOSTINHO - PE,CABO DE SANTO AGOSTINHO,PE,46,103,4,15,72,0.2826086956521739,0.06521739130434782,0.08695652173913043,0.0,0.2391304347826087,0.038834951456310676,0.14563106796116504,1.565217391304348,3.8501476017100584,1
CACAPAVA - SP,CACAPAVA,SP,89,260,3,22,184,0.33707865168539325,0.02247191011235955,0.06741573033707865,0.033707865168539325,0.33707865168539325,0.011538461538461539,0.08461538461538462,2.067415730337079,4.499809670330265,1
CACAPAVA DO SUL - RS,CACAPAVA DO SUL,RS,30,102,3,6,76,0.3,0.1,0.2,0.9666666666666667,0.23333333333333334,0.029411764705882353,0.058823529411764705,2.533333333333333,3.4339872044851463,0
CACERES - MT,CACERES,MT,96,255,8,24,192,0.3229166666666667,0.0625,0.10416666666666667,0.9895833333333334,0.13541666666666666,0.03137254901960784,0.09411764705882353,2.0,4.574710978503383,0
CACHOEIRA DO SUL - RS,CACHOEIRA DO SUL,RS,72,215,9,25,163,0.2916666666666667,0.125,0.1388888888888889,0.8611111111111112,0.2222222222222222,0.04186046511627907,0.11627906976744186,2.263888888888889,4.290459441148391,0
CACHOEIRO DE ITAPEMIRIM - ES,CACHOEIRO DE ITAPEMIRIM,ES,40,83,1,11,71,0.325,0.05,0.075,0.95,0.2,0.012048192771084338,0.13253012048192772,1.775,3.713572066704308,0
CACOAL - RO,CACOAL,RO,94,290,4,38,224,0.26595744680851063,0.02127659574468085,0.09574468085106383,0.9468085106382979,0.1702127659574468,0.013793103448275862,0.1310344827586207,2.382978723404255,4.553876891600541,0
CAETANOPOLIS - MG,CAETANOPOLIS,MG,36,73,1,7,60,0.3611111111111111,0.08333333333333333,0.2222222222222222,0.08333333333333333,0.1388888888888889,0.0136986301369863,0.0958904109589041,1.6666666666666667,3.6109179126442243,1
CAETE - MG,CAETE,MG,43,135,2,17,78,0.3488372093023256,0.023255813953488372,0.06976744186046512,0.3023255813953488,0.23255813953488372,0.014814814814814815,0.1259259259259259,1.813953488372093,3.784189633918261,1
CAJATI - SP,CAJATI,SP,225,608,13,27,388,0.29777777777777775,0.044444444444444446,0.28444444444444444,0.4533333333333333,0.5333333333333333,0.02138157894736842,0.044407894736842105,1.7244444444444444,5.420534999272286,1
CAJAZEIRAS - PB,CAJAZEIRAS,PB,45,96,4,30,74,0.4222222222222222,0.08888888888888889,0.06666666666666667,1.0,0.24444444444444444,0.041666666666666664,0.3125,1.6444444444444444,3.828641396489095,0
CAMANDUCAIA - MG,CAMANDUCAIA,MG,65,221,3,9,121,0.36923076923076925,0.046153846153846156,0.4307692307692308,0.0,0.2923076923076923,0.013574660633484163,0.04072398190045249,1.8615384615384616,4.189654742026425,1
CAMAQUA - RS,CAMAQUA,RS,35,77,0,11,51,0.34285714285714286,0.05714285714285714,0.11428571428571428,0.42857142857142855,0.22857142857142856,0.0,0.14285714285714285,1.457142857142857,3.58351893845611,1
CAMBE - PR,CAMBE,PR,62,153,2,15,124,0.2903225806451613,0.06451612903225806,0.08064516129032258,0.016129032258064516,0.1774193548387097,0.013071895424836602,0.09803921568627451,2.0,4.143134726391533,1
CAMBUI - MG,CAMBUI,MG,104,298,5,18,217,0.33653846153846156,0.028846153846153848,0.11538461538461539,0.04807692307692308,0.2692307692307692,0.016778523489932886,0.06040268456375839,2.0865384615384617,4.653960350157523,1
CAMPANHA - MG,CAMPANHA,MG,34,107,1,8,71,0.23529411764705882,0.029411764705882353,0.20588235294117646,0.0,0.23529411764705882,0.009345794392523364,0.07476635514018691,2.088235294117647,3.5553480614894135,1
CAMPINA GRANDE - PB,CAMPINA GRANDE,PB,184,423,8,69,333,0.29891304347826086,0.05434782608695652,0.07065217391304347,0.717391304347826,0.1358695652173913,0.018912529550827423,0.16312056737588654,1.809782608695652,5.220355825078325,1
CAMPINA GRANDE DO SUL - PR,CAMPINA GRANDE DO SUL,PR,264,673,16,37,420,0.3560606060606061,0.06060606060606061,0.4659090909090909,0.08712121212121213,0.24621212121212122,0.0237741456166419,0.0549777117384844,1.5909090909090908,5.579729825986222,1
CAMPO ALEGRE DE GOIAS - GO,CAMPO ALEGRE DE GOIAS,GO,51,118,4,17,78,0.35294117647058826,0.0784313725490196,0.17647058823529413,0.0,0.29411764705882354,0.03389830508474576,0.1440677966101695,1.5294117647058822,3.9512437185814275,1
CAMPO GRANDE - MS,CAMPO GRANDE,MS,306,823,24,93,606,0.3431372549019608,0.08169934640522876,0.03594771241830065,0.8496732026143791,0.21241830065359477,0.02916160388821385,0.11300121506682867,1.9803921568627452,5.726847747587197,1
CAMPO LARGO - PR,CAMPO LARGO,PR,152,524,12,44,364,0.26973684210526316,0.07894736842105263,0.1118421052631579,0.09868421052631579,0.3223684210526316,0.022900763358778626,0.08396946564885496,2.3947368421052633,5.030437921392435,1
CAMPO MAIOR - PI,CAMPO MAIOR,PI,56,150,5,22,112,0.39285714285714285,0.017857142857142856,0.017857142857142856,0.9821428571428571,0.17857142857142858,0.03333333333333333,0.14666666666666667,2.0,4.04305126783455,0
CAMPO MOURAO - PR,CAMPO MOURAO,PR,53,171,9,23,118,0.3584905660377358,0.11320754716981132,0.05660377358490566,0.6981132075471698,0.16981132075471697,0.05263157894736842,0.13450292397660818,2.2264150943396226,3.9889840465642745,0
CAMPO VERDE - MT,CAMPO VERDE,MT,31,120,6,8,94,0.41935483870967744,0.03225806451612903,0.12903225806451613,0.7096774193548387,0.3548387096774194,0.05,0.06666666666666667,3.032258064516129,3.4657359027997265,0
CAMPOS ALTOS - MG,CAMPOS ALTOS,MG,33,95,2,14,64,0.21212121212121213,0.12121212121212122,0.42424242424242425,0.9696969696969697,0.21212121212121213,0.021052631578947368,0.14736842105263157,1.9393939393939394,3.5263605246161616,0
CAMPOS DOS GOYTACAZES - RJ,CAMPOS DOS GOYTACAZES,RJ,383,992,28,74,740,0.29765013054830286,0.03655352480417755,0.08616187989556136,0.762402088772846,0.1801566579634465,0.028225806451612902,0.07459677419354839,1.9321148825065275,5.950642552587727,1
CAMPOS NOVOS - SC,CAMPOS NOVOS,SC,86,237,7,40,173,0.3023255813953488,0.09302325581395349,0.10465116279069768,1.0,0.1511627906976744,0.029535864978902954,0.16877637130801687,2.011627906976744,4.465908118654584,0
CANDEIAS - BA,CANDEIAS,BA,71,236,3,17,118,0.3380281690140845,0.028169014084507043,0.1267605633802817,0.028169014084507043,0.16901408450704225,0.012711864406779662,0.07203389830508475,1.6619718309859155,4.276666119016055,1
CANDEIAS DO JAMARI - RO,CANDEIAS DO JAMARI,RO,37,81,1,9,67,0.24324324324324326,0.02702702702702703,0.05405405405405406,0.7297297297297297,0.24324324324324326,0.012345679012345678,0.1111111111111111,1.8108108108108107,3.6375861597263857,0
CANDOI - PR,CANDOI,PR,63,214,21,19,139,0.4126984126984127,0.06349206349206349,0.1111111111111111,1.0,0.19047619047619047,0.09813084112149532,0.08878504672897196,2.2063492063492065,4.1588830833596715,0
CANGUCU - RS,CANGUCU,RS,43,105,4,5,83,0.3488372093023256,0.0,0.06976744186046512,0.9534883720930233,0.2558139534883721,0.0380952380952381,0.047619047619047616,1.930232558139535,3.784189633918261,0
CANOAS - RS,CANOAS,RS,274,628,10,28,503,0.24087591240875914,0.051094890510948905,0.10218978102189781,0.12043795620437957,0.17883211678832117,0.01592356687898089,0.044585987261146494,1.8357664233576643,5.616771097666572,1
CANOINHAS - SC,CANOINHAS,SC,55,153,8,15,104,0.23636363636363636,0.03636363636363636,0.14545454545454545,1.0,0.12727272727272726,0.05228758169934641,0.09803921568627451,1.8909090909090909,4.02535169073515,0
CANTA - RR,CANTA,RR,32,93,8,21,58,0.40625,0.03125,0.0625,0.6875,0.125,0.08602150537634409,0.22580645161290322,1.8125,3.4965075614664802,0
CAPAO DO LEAO - RS,CAPAO DO LEAO,RS,53,149,5,11,113,0.22641509433962265,0.03773584905660377,0.07547169811320754,1.0,0.1509433962264151,0.03355704697986577,0.0738255033557047,2.1320754716981134,3.9889840465642745,0
CAPIM GROSSO - BA,CAPIM GROSSO,BA,46,109,7,24,84,0.30434782608695654,0.043478260869565216,0.06521739130434782,0.9782608695652174,0.15217391304347827,0.06422018348623854,0.22018348623853212,1.826086956521739,3.8501476017100584,0
CAPIVARI DE BAIXO - SC,CAPIVARI DE BAIXO,SC,33,84,0,4,62,0.21212121212121213,0.0,0.09090909090909091,0.0,0.18181818181818182,0.0,0.047619047619047616,1.878787878787879,3.5263605246161616,1
CARANDAI - MG,CARANDAI,MG,48,140,0,26,97,0.4166666666666667,0.020833333333333332,0.08333333333333333,0.8958333333333334,0.14583333333333334,0.0,0.18571428571428572,2.0208333333333335,3.8918202981106265,0
CARATINGA - MG,CARATINGA,MG,131,298,3,35,259,0.2824427480916031,0.06870229007633588,0.05343511450381679,0.8015267175572519,0.25190839694656486,0.010067114093959731,0.1174496644295302,1.9770992366412214,4.882801922586371,1
CARAZINHO - RS,CARAZINHO,RS,54,154,3,19,110,0.3148148148148148,0.037037037037037035,0.14814814814814814,0.9444444444444444,0.18518518518518517,0.01948051948051948,0.12337662337662338,2.037037037037037,4.007333185232471,0
CAREACU - MG,CAREACU,MG,33,75,1,8,58,0.3939393939393939,0.12121212121212122,0.30303030303030304,0.0,0.2727272727272727,0.013333333333333334,0.10666666666666667,1.7575757575757576,3.5263605246161616,1
CARIACICA - ES,CARIACICA,ES,232,579,12,76,482,0.22844827586206898,0.06896551724137931,0.06896551724137931,0.06465517241379311,0.13793103448275862,0.02072538860103627,0.13126079447322972,2.0775862068965516,5.4510384535657,1
CARIDADE - CE,CARIDADE,CE,34,93,3,16,67,0.5,0.029411764705882353,0.08823529411764706,1.0,0.17647058823529413,0.03225806451612903,0.17204301075268819,1.9705882352941178,3.5553480614894135,0
CARIRI DO TOCANTINS - TO,CARIRI DO TOCANTINS,TO,34,153,11,42,70,0.35294117647058826,0.0,0.029411764705882353,1.0,0.17647058823529413,0.0718954248366013,0.27450980392156865,2.0588235294117645,3.5553480614894135,0
CARMO DA CACHOEIRA - MG,CARMO DA CACHOEIRA,MG,61,184,4,7,103,0.3770491803278688,0.0,0.36065573770491804,0.0,0.21311475409836064,0.021739130434782608,0.03804347826086957,1.6885245901639345,4.127134385045092,1
CARMOPOLIS DE MINAS - MG,CARMOPOLIS DE MINAS,MG,44,111,8,6,87,0.25,0.13636363636363635,0.25,0.0,0.22727272727272727,0.07207207207207207,0.05405405405405406,1.9772727272727273,3.8066624897703196,1
CARUARU - PE,CARUARU,PE,209,488,11,57,378,0.3444976076555024,0.03827751196172249,0.05263157894736842,0.1722488038277512,0.13875598086124402,0.022540983606557378,0.1168032786885246,1.8086124401913874,5.3471075307174685,1
CASCAVEL - PR,CASCAVEL,PR,301,797,16,73,606,0.3289036544850498,0.04318936877076412,0.08305647840531562,0.49169435215946844,0.12292358803986711,0.020075282308657464,0.09159347553324969,2.0132890365448506,5.71042701737487,1
CASIMIRO DE ABREU - RJ,CASIMIRO DE ABREU,RJ,73,217,5,19,141,0.273972602739726,0.0547945205479452,0.1917808219178082,0.3013698630136986,0.1506849315068493,0.02304147465437788,0.08755760368663594,1.9315068493150684,4.304065093204169,1
CASTANHAL - PA,CASTANHAL,PA,74,209,11,31,158,0.24324324324324326,0.06756756756756757,0.10810810810810811,0.17567567567567569,0.32432432432432434,0.05263157894736842,0.14832535885167464,2.135135135135135,4.31748811353631,1
CATALAO - GO,CATALAO,GO,89,256,5,23,148,0.3146067415730337,0.06741573033707865,0.14606741573033707,0.42696629213483145,0.21348314606741572,0.01953125,0.08984375,1.6629213483146068,4.499809670330265,1
CATANDUVAS - SC,CATANDUVAS,SC,33,92,4,10,52,0.5151515151515151,0.0,0.18181818181818182,1.0,0.21212121212121213,0.043478260869565216,0.10869565217391304,1.5757575757575757,3.5263605246161616,0
CATUJI - MG,CATUJI,MG,31,126,5,15,58,0.3548387096774194,0.0967741935483871,0.16129032258064516,0.9354838709677419,0.3225806451612903,0.03968253968253968,0.11904761904761904,1.8709677419354838,3.4657359027997265,0
CAUCAIA - CE,CAUCAIA,CE,163,415,13,58,338,0.3619631901840491,0.06134969325153374,0.06134969325153374,0.4601226993865031,0.2085889570552147,0.03132530120481928,0.13975903614457832,2.0736196319018405,5.099866427824199,1
CAXIAS - MA,CAXIAS,MA,45,127,12,23,90,0.26666666666666666,0.022222222222222223,0.17777777777777778,0.9333333333333333,0.1111111111111111,0.09448818897637795,0.18110236220472442,2.0,3.828641396489095,0
CAXIAS DO SUL - RS,CAXIAS DO SUL,RS,197,484,6,31,391,0.27411167512690354,0.1065989847715736,0.12690355329949238,0.2182741116751269,0.25380710659898476,0.012396694214876033,0.0640495867768595,1.984771573604061,5.288267030694535,1
CEARA-MIRIM - RN,CEARA-MIRIM,RN,55,124,8,26,106,0.34545454545454546,0.05454545454545454,0.12727272727272726,0.9636363636363636,0.2,0.06451612903225806,0.20967741935483872,1.9272727272727272,4.02535169073515,0
CEU AZUL - PR,CEU AZUL,PR,67,271,9,22,132,0.3283582089552239,0.04477611940298507,0.05970149253731343,0.9850746268656716,0.13432835820895522,0.033210332103321034,0.08118081180811808,1.9701492537313432,4.219507705176107,0
CHAPECO - SC,CHAPECO,SC,106,269,2,26,201,0.330188679245283,0.0660377358490566,0.12264150943396226,0.5471698113207547,0.16037735849056603,0.007434944237918215,0.09665427509293681,1.8962264150943395,4.672828834461906,1
CHOROZINHO - CE,CHOROZINHO,CE,35,110,4,17,84,0.42857142857142855,0.02857142857142857,0.02857142857142857,0.9428571428571428,0.2,0.03636363636363636,0.15454545454545454,2.4,3.58351893845611,0
COCALZINHO DE GOIAS - GO,COCALZINHO DE GOIAS,GO,57,148,4,17,103,0.38596491228070173,0.08771929824561403,0.08771929824561403,0.7017543859649122,0.12280701754385964,0.02702702702702703,0.11486486486486487,1.8070175438596492,4.060443010546419,0
COLATINA - ES,COLATINA,ES,89,205,15,39,164,0.2808988764044944,0.07865168539325842,0.02247191011235955,0.9325842696629213,0.19101123595505617,0.07317073170731707,0.1902439024390244,1.8426966292134832,4.499809670330265,0
COLINAS DO TOCANTINS - TO,COLINAS DO TOCANTINS,TO,36,139,8,10,69,0.4166666666666667,0.08333333333333333,0.05555555555555555,0.6388888888888888,0.25,0.05755395683453238,0.07194244604316546,1.9166666666666667,3.6109179126442243,0
COLOMBO - PR,COLOMBO,PR,144,361,8,27,292,0.3263888888888889,0.04861111111111111,0.08333333333333333,0.2638888888888889,0.1875,0.0221606648199446,0.07479224376731301,2.0277777777777777,4.976733742420574,1
COLORADO DO OESTE - RO,COLORADO DO OESTE,RO,49,143,5,12,97,0.32653061224489793,0.10204081632653061,0.14285714285714285,0.7346938775510204,0.24489795918367346,0.03496503496503497,0.08391608391608392,1.9795918367346939,3.912023005428146,0
COMODORO - MT,COMODORO,MT,44,137,8,8,107,0.3181818181818182,0.022727272727272728,0.06818181818181818,1.0,0.1590909090909091,0.058394160583941604,0.058394160583941604,2.4318181818181817,3.8066624897703196,0
CONCEICAO DA BARRA - ES,CONCEICAO DA BARRA,ES,38,94,4,7,68,0.42105263157894735,0.02631578947368421,0.10526315789473684,1.0,0.21052631578947367,0.0425531914893617,0.07446808510638298,1.7894736842105263,3.6635616461296463,0
CONCEICAO DO ALMEIDA - BA,CONCEICAO DO ALMEIDA,BA,31,86,6,6,66,0.1935483870967742,0.03225806451612903,0.12903225806451613,1.0,0.1935483870967742,0.06976744186046512,0.06976744186046512,2.129032258064516,3.4657359027997265,0
CONCEICAO DO JACUIPE - BA,CONCEICAO DO JACUIPE,BA,30,85,3,5,70,0.26666666666666666,0.0,0.1,0.13333333333333333,0.13333333333333333,0.03529411764705882,0.058823529411764705,2.3333333333333335,3.4339872044851463,1
CONCORDIA - SC,CONCORDIA,SC,41,119,7,10,86,0.36585365853658536,0.024390243902439025,0.17073170731707318,0.975609756097561,0.2682926829268293,0.058823529411764705,0.08403361344537816,2.097560975609756,3.7376696182833684,0
CONDE - PB,CONDE,PB,43,86,2,15,68,0.2558139534883721,0.06976744186046512,0.11627906976744186,0.023255813953488372,0.20930232558139536,0.023255813953488372,0.1744186046511628,1.5813953488372092,3.784189633918261,1
CONGONHAS - MG,CONGONHAS,MG,91,293,9,21,215,0.3516483516483517,0.04395604395604396,0.12087912087912088,1.0,0.10989010989010989,0.030716723549488054,0.07167235494880546,2.3626373626373627,4.5217885770490405,0
CONSELHEIRO LAFAIETE - MG,CONSELHEIRO LAFAIETE,MG,89,232,8,35,175,0.4044943820224719,0.056179775280898875,0.12359550561797752,0.9213483146067416,0.1348314606741573,0.034482758620689655,0.15086206896551724,1.9662921348314606,4.499809670330265,0
CONTAGEM - MG,CONTAGEM,MG,312,763,20,69,620,0.25961538461538464,0.057692307692307696,0.04807692307692308,0.028846153846153848,0.1794871794871795,0.02621231979030144,0.09043250327653997,1.9871794871794872,5.746203190540153,1
CORBELIA - PR,CORBELIA,PR,37,96,4,15,68,0.40540540540540543,0.02702702702702703,0.21621621621621623,0.972972972972973,0.16216216216216217,0.041666666666666664,0.15625,1.837837837837838,3.6375861597263857,0
CORNELIO PROCOPIO - PR,CORNELIO PROCOPIO,PR,34,84,4,16,59,0.3235294117647059,0.058823529411764705,0.14705882352941177,0.5588235294117647,0.17647058823529413,0.047619047619047616,0.19047619047619047,1.7352941176470589,3.5553480614894135,0
CORREIA PINTO - SC,CORREIA PINTO,SC,42,168,6,17,81,0.47619047619047616,0.047619047619047616,0.11904761904761904,1.0,0.2619047619047619,0.03571428571428571,0.10119047619047619,1.9285714285714286,3.7612001156935624,0
CORUPA - SC,CORUPA,SC,59,133,3,19,100,0.3559322033898305,0.06779661016949153,0.1694915254237288,0.9661016949152542,0.15254237288135594,0.022556390977443608,0.14285714285714285,1.694915254237288,4.0943445622221,0
COXIM - MS,COXIM,MS,53,153,4,6,110,0.32075471698113206,0.11320754716981132,0.03773584905660377,1.0,0.22641509433962265,0.026143790849673203,0.0392156862745098,2.0754716981132075,3.9889840465642745,0
CRISTALINA - GO,CRISTALINA,GO,110,295,18,29,196,0.39090909090909093,0.05454545454545454,0.08181818181818182,0.5909090909090909,0.17272727272727273,0.061016949152542375,0.09830508474576272,1.7818181818181817,4.709530201312334,0
CRUZ ALTA - RS,CRUZ ALTA,RS,30,95,2,2,63,0.36666666666666664,0.03333333333333333,0.16666666666666666,0.9666666666666667,0.23333333333333334,0.021052631578947368,0.021052631578947368,2.1,3.4339872044851463,0
CUIABA - MT,CUIABA,MT,108,259,6,27,219,0.2962962962962963,0.06481481481481481,0.027777777777777776,0.4444444444444444,0.16666666666666666,0.023166023166023165,0.10424710424710425,2.0277777777777777,4.6913478822291435,1
CUNHA PORA - SC,CUNHA PORA,SC,38,102,3,8,71,0.47368421052631576,0.05263157894736842,0.15789473684210525,1.0,0.18421052631578946,0.029411764705882353,0.0784313725490196,1.868421052631579,3.6635616461296463,0
CURITIBA - PR,CURITIBA,PR,706,1723,21,136,1419,0.2507082152974504,0.07223796033994334,0.059490084985835696,0.05240793201133145,0.22237960339943344,0.012188044109112013,0.07893209518282066,2.009915014164306,6.561030665896573,1
CURITIBANOS - SC,CURITIBANOS,SC,52,152,4,17,104,0.46153846153846156,0.09615384615384616,0.09615384615384616,0.9615384615384616,0.21153846153846154,0.02631578947368421,0.1118421052631579,2.0,3.970291913552122,0
CURVELO - MG,CURVELO,MG,43,168,4,20,92,0.27906976744186046,0.023255813953488372,0.046511627906976744,0.8604651162790697,0.18604651162790697,0.023809523809523808,0.11904761904761904,2.13953488372093,3.784189633918261,0
DEMERVAL LOBAO - PI,DEMERVAL LOBAO,PI,31,83,2,9,58,0.3870967741935484,0.03225806451612903,0.03225806451612903,0.2903225806451613,0.1935483870967742,0.024096385542168676,0.10843373493975904,1.8709677419354838,3.4657359027997265,0
DIAMANTINO - MT,DIAMANTINO,MT,63,240,6,12,200,0.23809523809523808,0.047619047619047616,0.1111111111111111,0.7301587301587301,0.23809523809523808,0.025,0.05,3.1746031746031744,4.1588830833596715,0
DOIS IRMAOS - RS,DOIS IRMAOS,RS,42,89,2,13,75,0.42857142857142855,0.0,0.047619047619047616,0.7857142857142857,0.19047619047619047,0.02247191011235955,0.14606741573033707,1.7857142857142858,3.7612001156935624,0
DOM ELISEU - PA,DOM ELISEU,PA,50,164,6,25,133,0.5,0.06,0.04,1.0,0.22,0.036585365853658534,0.1524390243902439,2.66,3.9318256327243257,0
DOMINGOS MARTINS - ES,DOMINGOS MARTINS,ES,106,294,4,47,217,0.46226415094339623,0.07547169811320754,0.24528301886792453,0.9811320754716981,0.14150943396226415,0.013605442176870748,0.1598639455782313,2.047169811320755,4.672828834461906,0
DOURADOS - MS,DOURADOS,MS,169,384,10,43,286,0.3609467455621302,0.05325443786982249,0.047337278106508875,0.33727810650887574,0.2485207100591716,0.026041666666666668,0.11197916666666667,1.6923076923076923,5.135798437050262,1
DUQUE DE CAXIAS - RJ,DUQUE DE CAXIAS,RJ,804,2036,28,92,1481,0.25870646766169153,0.053482587064676616,0.06592039800995025,0.12189054726368159,0.2300995024875622,0.0137524557956778,0.04518664047151277,1.842039800995025,6.690842277418564,1
ELDORADO DO SUL - RS,ELDORADO DO SUL,RS,107,295,2,27,223,0.2803738317757009,0.04672897196261682,0.07476635514018691,0.6074766355140186,0.22429906542056074,0.006779661016949152,0.09152542372881356,2.0841121495327104,4.68213122712422,1
EMBU DAS ARTES - SP,EMBU DAS ARTES,SP,156,355,7,22,295,0.3076923076923077,0.03205128205128205,0.04487179487179487,0.038461538461538464,0.22435897435897437,0.01971830985915493,0.061971830985915494,1.891025641025641,5.056245805348308,1
ENGENHEIRO CALDAS - MG,ENGENHEIRO CALDAS,MG,31,69,3,17,50,0.3870967741935484,0.03225806451612903,0.12903225806451613,1.0,0.16129032258064516,0.043478260869565216,0.2463768115942029,1.6129032258064515,3.4657359027997265,0
ERECHIM - RS,ERECHIM,RS,77,185,3,19,150,0.2987012987012987,0.1038961038961039,0.1038961038961039,0.9090909090909091,0.24675324675324675,0.016216216216216217,0.10270270270270271,1.948051948051948,4.356708826689592,0
ESCADA - PE,ESCADA,PE,42,103,4,11,74,0.40476190476190477,0.07142857142857142,0.11904761904761904,0.047619047619047616,0.23809523809523808,0.038834951456310676,0.10679611650485436,1.7619047619047619,3.7612001156935624,1
ESMERALDAS - MG,ESMERALDAS,MG,45,125,2,12,88,0.37777777777777777,0.022222222222222223,0.1111111111111111,0.0,0.13333333333333333,0.016,0.096,1.9555555555555555,3.828641396489095,1
ESTANCIA - SE,ESTANCIA,SE,41,104,2,11,75,0.21951219512195122,0.024390243902439025,0.14634146341463414,0.4146341463414634,0.21951219512195122,0.019230769230769232,0.10576923076923077,1.829268292682927,3.7376696182833684,1
ESTEIO - RS,ESTEIO,RS,69,167,4,7,132,0.2753623188405797,0.057971014492753624,0.057971014492753624,0.057971014492753624,0.2028985507246377,0.023952095808383235,0.041916167664670656,1.9130434782608696,4.248495242049359,1
ESTIVA - MG,ESTIVA,MG,57,161,7,6,99,0.45614035087719296,0.03508771929824561,0.3508771929824561,0.05263157894736842,0.2807017543859649,0.043478260869565216,0.037267080745341616,1.736842105263158,4.060443010546419,1
ESTRELA - RS,ESTRELA,RS,49,150,2,8,99,0.24489795918367346,0.02040816326530612,0.10204081632653061,0.02040816326530612,0.1836734693877551,0.013333333333333334,0.05333333333333334,2.020408163265306,3.912023005428146,1
EUNAPOLIS - BA,EUNAPOLIS,BA,120,338,11,56,226,0.2916666666666667,0.08333333333333333,0.1,0.9416666666666667,0.2916666666666667,0.03254437869822485,0.16568047337278108,1.8833333333333333,4.795790545596741,0
EUSEBIO - CE,EUSEBIO,CE,43,103,0,8,86,0.18604651162790697,0.046511627906976744,0.11627906976744186,0.0,0.23255813953488372,0.0,0.07766990291262135,2.0,3.784189633918261,1
EXTREMA - MG,EXTREMA,MG,147,390,6,23,277,0.3197278911564626,0.013605442176870748,0.22448979591836735,0.013605442176870748,0.2925170068027211,0.015384615384615385,0.05897435897435897,1.8843537414965987,4.997212273764115,1
FAZENDA RIO GRANDE - PR,FAZENDA RIO GRANDE,PR,87,229,2,15,190,0.2988505747126437,0.034482758620689655,0.022988505747126436,0.06896551724137931,0.22988505747126436,0.008733624454148471,0.06550218340611354,2.1839080459770117,4.477336814478207,1
FEIRA DE SANTANA - BA,FEIRA DE SANTANA,BA,428,1073,15,104,871,0.3037383177570093,0.04672897196261682,0.07710280373831775,0.2803738317757009,0.13317757009345793,0.013979496738117428,0.09692451071761417,2.0350467289719627,6.061456918928017,1
FELIXLANDIA - MG,FELIXLANDIA,MG,31,92,5,14,64,0.3548387096774194,0.0,0.12903225806451613,0.967741935483871,0.16129032258064516,0.05434782608695652,0.15217391304347827,2.064516129032258,3.4657359027997265,0
FERNANDES PINHEIRO - PR,FERNANDES PINHEIRO,PR,32,140,2,6,62,0.40625,0.03125,0.125,0.90625,0.25,0.014285714285714285,0.04285714285714286,1.9375,3.4965075614664802,0
FLEXEIRAS - AL,FLEXEIRAS,AL,30,107,3,2,52,0.3,0.0,0.3,0.0,0.2,0.028037383177570093,0.018691588785046728,1.7333333333333334,3.4339872044851463,1
FLORIANO - PI,FLORIANO,PI,95,217,6,55,180,0.3894736842105263,0.010526315789473684,0.042105263157894736,0.6736842105263158,0.28421052631578947,0.027649769585253458,0.2534562211981567,1.894736842105263,4.564348191467836,0
FLORIANOPOLIS - SC,FLORIANOPOLIS,SC,175,432,4,22,361,0.2,0.07428571428571429,0.1657142857142857,0.022857142857142857,0.24,0.009259259259259259,0.05092592592592592,2.0628571428571427,5.170483995038151,1
FORMOSA - GO,FORMOSA,GO,76,242,9,13,164,0.47368421052631576,0.02631578947368421,0.10526315789473684,0.8947368421052632,0.19736842105263158,0.0371900826446281,0.05371900826446281,2.1578947368421053,4.343805421853684,0
FORTALEZA - CE,FORTALEZA,CE,444,1119,28,126,925,0.23423423423423423,0.05405405405405406,0.02927927927927928,0.0518018018018018,0.20270270270270271,0.025022341376228777,0.1126005361930295,2.0833333333333335,6.09807428216624,1
FOZ DO IGUACU - PR,FOZ DO IGUACU,PR,188,440,4,44,364,0.2978723404255319,0.05851063829787234,0.026595744680851064,0.3404255319148936,0.13829787234042554,0.00909090909090909,0.1,1.9361702127659575,5.241747015059643,1
FRANCISCO SA - MG,FRANCISCO SA,MG,82,414,12,50,218,0.25609756097560976,0.06097560975609756,0.2682926829268293,1.0,0.3048780487804878,0.028985507246376812,0.12077294685990338,2.658536585365854,4.418840607796598,0
FREDERICO WESTPHALEN - RS,FREDERICO WESTPHALEN,RS,62,156,3,14,126,0.3548387096774194,0.06451612903225806,0.0967741935483871,0.967741935483871,0.3387096774193548,0.019230769230769232,0.08974358974358974,2.032258064516129,4.143134726391533,0
FRUTAL - MG,FRUTAL,MG,67,188,6,30,140,0.373134328358209,0.014925373134328358,0.07462686567164178,0.9402985074626866,0.1791044776119403,0.031914893617021274,0.1595744680851064,2.08955223880597,4.219507705176107,0
FUNDAO - ES,FUNDAO,ES,38,116,5,12,85,0.42105263157894735,0.02631578947368421,0.10526315789473684,0.8947368421052632,0.21052631578947367,0.04310344827586207,0.10344827586206896,2.236842105263158,3.6635616461296463,0
GARANHUNS - PE,GARANHUNS,PE,96,237,17,43,200,0.25,0.052083333333333336,0.0625,0.9791666666666666,0.20833333333333334,0.07172995780590717,0.18143459915611815,2.0833333333333335,4.574710978503383,0
GARIBALDI - RS,GARIBALDI,RS,62,167,3,8,114,0.24193548387096775,0.11290322580645161,0.0967741935483871,0.8064516129032258,0.3064516129032258,0.017964071856287425,0.04790419161676647,1.8387096774193548,4.143134726391533,1
GARUVA - SC,GARUVA,SC,73,201,0,10,157,0.273972602739726,0.0273972602739726,0.1917808219178082,0.0136986301369863,0.1643835616438356,0.0,0.04975124378109453,2.1506849315068495,4.304065093204169,1
GASPAR - SC,GASPAR,SC,68,165,4,9,132,0.39705882352941174,0.058823529411764705,0.08823529411764706,0.5,0.17647058823529413,0.024242424242424242,0.05454545454545454,1.9411764705882353,4.23410650459726,1
GENERAL CARNEIRO - MT,GENERAL CARNEIRO,MT,64,193,7,8,159,0.15625,0.046875,0.046875,1.0,0.203125,0.03626943005181347,0.04145077720207254,2.484375,4.174387269895637,0
GLORINHA - RS,GLORINHA,RS,42,104,1,8,73,0.3333333333333333,0.0,0.09523809523809523,0.0,0.23809523809523808,0.009615384615384616,0.07692307692307693,1.7380952380952381,3.7612001156935624,1
GOIANA - PE,GOIANA,PE,43,112,6,13,93,0.3953488372093023,0.046511627906976744,0.06976744186046512,0.0,0.16279069767441862,0.05357142857142857,0.11607142857142858,2.1627906976744184,3.784189633918261,0
GOIANAPOLIS - GO,GOIANAPOLIS,GO,50,118,3,18,90,0.44,0.04,0.18,0.04,0.14,0.025423728813559324,0.15254237288135594,1.8,3.9318256327243257,1
GOIANIA - GO,GOIANIA,GO,258,650,9,73,534,0.2441860465116279,0.07364341085271318,0.046511627906976744,0.04263565891472868,0.16279069767441862,0.013846153846153847,0.1123076923076923,2.0697674418604652,5.556828061699537,1
GOIANINHA - RN,GOIANINHA,RN,37,68,5,7,61,0.32432432432432434,0.05405405405405406,0.05405405405405406,0.13513513513513514,0.16216216216216217,0.07352941176470588,0.10294117647058823,1.6486486486486487,3.6375861597263857,0
GOIATUBA - GO,GOIATUBA,GO,31,88,10,9,64,0.3548387096774194,0.0,0.12903225806451613,0.12903225806451613,0.1935483870967742,0.11363636363636363,0.10227272727272728,2.064516129032258,3.4657359027997265,0
GOVERNADOR VALADARES - MG,GOVERNADOR VALADARES,MG,211,511,16,75,402,0.27014218009478674,0.04265402843601896,0.06635071090047394,0.8293838862559242,0.20853080568720378,0.03131115459882583,0.14677103718199608,1.90521327014218,5.356586274672012,1
GRAO MOGOL - MG,GRAO MOGOL,MG,63,200,17,24,156,0.25396825396825395,0.031746031746031744,0.20634920634920634,1.0,0.3968253968253968,0.085,0.12,2.4761904761904763,4.1588830833596715,0
GRAVATA - PE,GRAVATA,PE,89,201,6,37,160,0.2696629213483146,0.07865168539325842,0.06741573033707865,0.3258426966292135,0.1797752808988764,0.029850746268656716,0.18407960199004975,1.797752808988764,4.499809670330265,1
GRAVATAI - RS,GRAVATAI,RS,82,233,7,13,136,0.3048780487804878,0.06097560975609756,0.0975609756097561,0.12195121951219512,0.17073170731707318,0.030042918454935622,0.055793991416309016,1.6585365853658536,4.418840607796598,1
GUAIBA - RS,GUAIBA,RS,60,145,6,8,114,0.35,0.06666666666666667,0.08333333333333333,0.4666666666666667,0.2833333333333333,0.041379310344827586,0.05517241379310345,1.9,4.110873864173311,1
GUAPIMIRIM - RJ,GUAPIMIRIM,RJ,127,290,4,29,218,0.4251968503937008,0.10236220472440945,0.13385826771653545,0.6377952755905512,0.2047244094488189,0.013793103448275862,0.1,1.7165354330708662,4.852030263919617,1
GUAPO - GO,GUAPO,GO,47,110,2,19,68,0.3829787234042553,0.06382978723404255,0.1276595744680851,0.02127659574468085,0.1276595744680851,0.01818181818181818,0.17272727272727273,1.446808510638298,3.8712010109078907,1
GUARAI - TO,GUARAI,TO,49,154,4,18,121,0.2857142857142857,0.08163265306122448,0.02040816326530612,0.5918367346938775,0.30612244897959184,0.025974025974025976,0.11688311688311688,2.4693877551020407,3.912023005428146,0
GUARAMIRIM - SC,GUARAMIRIM,SC,116,267,2,21,229,0.25862068965517243,0.06896551724137931,0.09482758620689655,0.5172413793103449,0.29310344827586204,0.00749063670411985,0.07865168539325842,1.9741379310344827,4.762173934797756,1
GUARANIACU - PR,GUARANIACU,PR,41,121,11,18,79,0.3170731707317073,0.04878048780487805,0.04878048780487805,0.975609756097561,0.17073170731707318,0.09090909090909091,0.1487603305785124,1.9268292682926829,3.7376696182833684,0
GUARANTA DO NORTE - MT,GUARANTA DO NORTE,MT,47,149,7,14,131,0.425531914893617,0.02127659574468085,0.0851063829787234,0.8936170212765957,0.2127659574468085,0.04697986577181208,0.09395973154362416,2.7872340425531914,3.8712010109078907,0
GUARAPARI - ES,GUARAPARI,ES,44,99,3,15,79,0.38636363636363635,0.022727272727272728,0.20454545454545456,0.22727272727272727,0.20454545454545456,0.030303030303030304,0.15151515151515152,1.7954545454545454,3.8066624897703196,1
GUARAPUAVA - PR,GUARAPUAVA,PR,120,470,15,40,273,0.26666666666666666,0.03333333333333333,0.15833333333333333,0.7416666666666667,0.25833333333333336,0.031914893617021274,0.0851063829787234,2.275,4.795790545596741,1
GUARATINGUETA - SP,GUARATINGUETA,SP,80,221,0,19,157,0.3,0.075,0.1125,0.0125,0.2375,0.0,0.08597285067873303,1.9625,4.394449154672439,1
GUARATUBA - PR,GUARATUBA,PR,102,342,20,18,269,0.29411764705882354,0.0392156862745098,0.16666666666666666,0.14705882352941177,0.22549019607843138,0.05847953216374269,0.05263157894736842,2.6372549019607843,4.634728988229636,1
GUARULHOS - SP,GUARULHOS,SP,913,2089,25,115,1729,0.23986856516976998,0.05147864184008762,0.05805038335158817,0.019715224534501644,0.26506024096385544,0.011967448539971278,0.05505026328386788,1.8937568455640745,6.81783057145415,1
GURUPI - TO,GURUPI,TO,39,84,1,7,61,0.358974358974359,0.07692307692307693,0.05128205128205128,0.6410256410256411,0.3333333333333333,0.011904761904761904,0.08333333333333333,1.564102564102564,3.6888794541139363,1
HIDROLANDIA - GO,HIDROLANDIA,GO,45,113,4,14,76,0.35555555555555557,0.06666666666666667,0.022222222222222223,0.1111111111111111,0.2,0.035398230088495575,0.12389380530973451,1.6888888888888889,3.828641396489095,1
HORIZONTE - CE,HORIZONTE,CE,45,96,5,14,84,0.24444444444444444,0.022222222222222223,0.1111111111111111,0.0,0.2222222222222222,0.052083333333333336,0.14583333333333334,1.8666666666666667,3.828641396489095,1
HUMAITA - AM,HUMAITA,AM,35,130,3,8,63,0.2857142857142857,0.08571428571428572,0.05714285714285714,0.7714285714285715,0.2571428571428571,0.023076923076923078,0.06153846153846154,1.8,3.58351893845611,0
IBAITI - PR,IBAITI,PR,42,128,6,12,93,0.2857142857142857,0.047619047619047616,0.047619047619047616,0.9047619047619048,0.16666666666666666,0.046875,0.09375,2.2142857142857144,3.7612001156935624,0
IBATIBA - ES,IBATIBA,ES,72,207,13,33,152,0.3333333333333333,0.041666666666666664,0.08333333333333333,0.9722222222222222,0.1388888888888889,0.06280193236714976,0.15942028985507245,2.111111111111111,4.290459441148391,0
IBIA - MG,IBIA,MG,36,138,4,15,90,0.3055555555555556,0.08333333333333333,0.1388888888888889,0.9444444444444444,0.16666666666666666,0.028985507246376812,0.10869565217391304,2.5,3.6109179126442243,0
IBIPORA - PR,IBIPORA,PR,73,169,3,29,137,0.3835616438356164,0.1232876712328767,0.0821917808219178,0.6164383561643836,0.1917808219178082,0.01775147928994083,0.17159763313609466,1.8767123287671232,4.304065093204169,0
IBIRACU - ES,IBIRACU,ES,55,140,7,18,107,0.32727272727272727,0.09090909090909091,0.18181818181818182,0.6909090909090909,0.2,0.05,0.12857142857142856,1.9454545454545455,4.02535169073515,0
IBIRAMA - SC,IBIRAMA,SC,43,112,4,11,87,0.2558139534883721,0.023255813953488372,0.16279069767441862,0.9302325581395349,0.18604651162790697,0.03571428571428571,0.09821428571428571,2.0232558139534884,3.784189633918261,0
IBIRAPITANGA - BA,IBIRAPITANGA,BA,34,100,6,17,71,0.5,0.058823529411764705,0.20588235294117646,1.0,0.20588235294117646,0.06,0.17,2.088235294117647,3.5553480614894135,0
ICARA - SC,ICARA,SC,78,177,5,14,123,0.2692307692307692,0.02564102564102564,0.15384615384615385,0.07692307692307693,0.28205128205128205,0.02824858757062147,0.07909604519774012,1.5769230769230769,4.3694478524670215,1
IGARAPE - MG,IGARAPE,MG,47,127,0,9,91,0.3829787234042553,0.0851063829787234,0.0851063829787234,0.0851063829787234,0.23404255319148937,0.0,0.07086614173228346,1.9361702127659575,3.8712010109078907,1
IGARASSU - PE,IGARASSU,PE,181,454,9,34,365,0.3425414364640884,0.03867403314917127,0.06077348066298342,0.03867403314917127,0.16574585635359115,0.019823788546255508,0.07488986784140969,2.016574585635359,5.204006687076795,1
IJUI - RS,IJUI,RS,41,115,4,10,87,0.1951219512195122,0.024390243902439025,0.12195121951219512,1.0,0.4146341463414634,0.034782608695652174,0.08695652173913043,2.1219512195121952,3.7376696182833684,0
ILHEUS - BA,ILHEUS,BA,43,117,3,14,79,0.20930232558139536,0.023255813953488372,0.13953488372093023,0.5116279069767442,0.11627906976744186,0.02564102564102564,0.11965811965811966,1.8372093023255813,3.784189633918261,1
IMBAU - PR,IMBAU,PR,41,103,9,9,77,0.3170731707317073,0.024390243902439025,0.1951219512195122,0.14634146341463414,0.24390243902439024,0.08737864077669903,0.08737864077669903,1.8780487804878048,3.7376696182833684,0
IMBITUBA - SC,IMBITUBA,SC,151,359,8,41,273,0.36423841059602646,0.033112582781456956,0.11258278145695365,0.152317880794702,0.17880794701986755,0.022284122562674095,0.11420612813370473,1.8079470198675496,5.0238805208462765,1
IMBITUVA - PR,IMBITUVA,PR,58,162,8,18,126,0.39655172413793105,0.034482758620689655,0.1206896551724138,0.9482758620689655,0.1896551724137931,0.04938271604938271,0.1111111111111111,2.1724137931034484,4.07753744390572,0
IMPERATRIZ - MA,IMPERATRIZ,MA,110,327,11,42,248,0.34545454545454546,0.05454545454545454,0.0,0.8909090909090909,0.16363636363636364,0.03363914373088685,0.12844036697247707,2.2545454545454544,4.709530201312334,0
INDAIAL - SC,INDAIAL,SC,162,396,7,40,319,0.2716049382716049,0.043209876543209874,0.10493827160493827,0.7345679012345679,0.25925925925925924,0.017676767676767676,0.10101010101010101,1.9691358024691359,5.093750200806762,1
INDIANOPOLIS - MG,INDIANOPOLIS,MG,33,120,2,13,71,0.30303030303030304,0.06060606060606061,0.09090909090909091,0.8787878787878788,0.21212121212121213,0.016666666666666666,0.10833333333333334,2.1515151515151514,3.5263605246161616,0
INHAPIM - MG,INHAPIM,MG,42,94,4,12,67,0.4523809523809524,0.047619047619047616,0.09523809523809523,0.9523809523809523,0.19047619047619047,0.0425531914893617,0.1276595744680851,1.5952380952380953,3.7612001156935624,0
IRANI - SC,IRANI,SC,42,137,3,13,96,0.47619047619047616,0.047619047619047616,0.09523809523809523,0.9523809523809523,0.2619047619047619,0.021897810218978103,0.0948905109489051,2.2857142857142856,3.7612001156935624,0
IRATI - PR,IRATI,PR,81,227,2,18,153,0.5061728395061729,0.06172839506172839,0.1728395061728395,0.9259259259259259,0.20987654320987653,0.00881057268722467,0.07929515418502203,1.8888888888888888,4.406719247264253,0
ITABAIANA - SE,ITABAIANA,SE,96,249,12,49,192,0.3125,0.0,0.041666666666666664,0.9270833333333334,0.16666666666666666,0.04819277108433735,0.19678714859437751,2.0,4.574710978503383,0
ITABELA - BA,ITABELA,BA,40,111,4,17,74,0.25,0.0,0.075,0.9,0.175,0.036036036036036036,0.15315315315315314,1.85,3.713572066704308,0
ITABIRITO - MG,ITABIRITO,MG,47,211,10,19,121,0.3617021276595745,0.0851063829787234,0.19148936170212766,0.8297872340425532,0.23404255319148937,0.04739336492890995,0.09004739336492891,2.574468085106383,3.8712010109078907,0
ITABORAI - RJ,ITABORAI,RJ,225,521,7,40,427,0.3422222222222222,0.03111111111111111,0.057777777777777775,0.24,0.1511111111111111,0.013435700575815739,0.07677543186180422,1.8977777777777778,5.420534999272286,1
ITABUNA - BA,ITABUNA,BA,81,208,7,21,148,0.2962962962962963,0.08641975308641975,0.06172839506172839,1.0,0.12345679012345678,0.03365384615384615,0.10096153846153846,1.8271604938271604,4.406719247264253,0
ITAGUAI - RJ,ITAGUAI,RJ,132,317,13,33,236,0.3712121212121212,0.045454545454545456,0.09848484848484848,0.07575757575757576,0.15151515151515152,0.04100946372239748,0.10410094637223975,1.7878787878787878,4.890349128221754,1
ITAGUARA - MG,ITAGUARA,MG,82,195,7,10,153,0.34146341463414637,0.04878048780487805,0.2073170731707317,0.06097560975609756,0.2804878048780488,0.035897435897435895,0.05128205128205128,1.8658536585365855,4.418840607796598,1
ITAITINGA - CE,ITAITINGA,CE,60,135,3,16,110,0.35,0.0,0.06666666666666667,0.016666666666666666,0.23333333333333334,0.022222222222222223,0.11851851851851852,1.8333333333333333,4.110873864173311,1
ITAITUBA - PA,ITAITUBA,PA,72,320,19,30,262,0.25,0.08333333333333333,0.041666666666666664,0.9444444444444444,0.2777777777777778,0.059375,0.09375,3.638888888888889,4.290459441148391,0
ITAJAI - SC,ITAJAI,SC,417,995,9,111,888,0.2182254196642686,0.07913669064748201,0.07673860911270983,0.050359712230215826,0.23501199040767387,0.009045226130653266,0.11155778894472362,2.129496402877698,6.035481432524756,1
ITAMARAJU - BA,ITAMARAJU,BA,32,111,11,20,57,0.4375,0.0,0.03125,1.0,0.1875,0.0990990990990991,0.18018018018018017,1.78125,3.4965075614664802,0
ITAPECERICA DA SERRA - SP,ITAPECERICA DA SERRA,SP,130,302,11,28,257,0.2230769230769231,0.06923076923076923,0.1076923076923077,0.07692307692307693,0.2230769230769231,0.03642384105960265,0.09271523178807947,1.976923076923077,4.875197323201151,1
ITAPECURU MIRIM - MA,ITAPECURU MIRIM,MA,32,118,12,5,83,0.40625,0.03125,0.125,1.0,0.21875,0.1016949152542373,0.0423728813559322,2.59375,3.4965075614664802,0
ITAPEMA - SC,ITAPEMA,SC,264,639,5,50,560,0.3068181818181818,0.08712121212121213,0.07196969696969698,0.06818181818181818,0.24621212121212122,0.00782472613458529,0.0782472613458529,2.121212121212121,5.579729825986222,1
ITAPEMIRIM - ES,ITAPEMIRIM,ES,33,89,2,11,69,0.24242424242424243,0.030303030303030304,0.09090909090909091,0.9393939393939394,0.15151515151515152,0.02247191011235955,0.12359550561797752,2.090909090909091,3.5263605246161616,0
ITAPERUNA - RJ,ITAPERUNA,RJ,62,191,9,16,132,0.27419354838709675,0.04838709677419355,0.14516129032258066,1.0,0.12903225806451613,0.04712041884816754,0.08376963350785341,2.129032258064516,4.143134726391533,0
ITAPEVA - MG,ITAPEVA,MG,53,122,2,9,83,0.39622641509433965,0.05660377358490566,0.33962264150943394,0.05660377358490566,0.2641509433962264,0.01639344262295082,0.07377049180327869,1.5660377358490567,3.9889840465642745,1
ITAQUIRAI - MS,ITAQUIRAI,MS,52,159,3,24,101,0.3076923076923077,0.038461538461538464,0.07692307692307693,0.75,0.2692307692307692,0.018867924528301886,0.1509433962264151,1.9423076923076923,3.970291913552122,0
ITATIAIA - RJ,ITATIAIA,RJ,51,150,4,14,85,0.37254901960784315,0.0784313725490196,0.17647058823529413,0.23529411764705882,0.19607843137254902,0.02666666666666667,0.09333333333333334,1.6666666666666667,3.9512437185814275,1
ITATIAIUCU - MG,ITATIAIUCU,MG,82,210,6,15,158,0.47560975609756095,0.024390243902439025,0.2926829268292683,0.036585365853658534,0.2804878048780488,0.02857142857142857,0.07142857142857142,1.9268292682926829,4.418840607796598,1
ITAUBA - MT,ITAUBA,MT,35,142,5,8,92,0.3142857142857143,0.05714285714285714,0.08571428571428572,1.0,0.22857142857142856,0.035211267605633804,0.056338028169014086,2.6285714285714286,3.58351893845611,0
ITUIUTABA - MG,ITUIUTABA,MG,38,93,1,10,74,0.42105263157894735,0.0,0.07894736842105263,0.868421052631579,0.21052631578947367,0.010752688172043012,0.10752688172043011,1.9473684210526316,3.6635616461296463,0
ITUMBIARA - GO,ITUMBIARA,GO,39,123,4,10,83,0.41025641025641024,0.02564102564102564,0.05128205128205128,0.5897435897435898,0.1282051282051282,0.032520325203252036,0.08130081300813008,2.128205128205128,3.6888794541139363,0
IVINHEMA - MS,IVINHEMA,MS,33,84,3,10,61,0.3333333333333333,0.0,0.09090909090909091,1.0,0.24242424242424243,0.03571428571428571,0.11904761904761904,1.8484848484848484,3.5263605246161616,0
JABOATAO DOS GUARARAPES - PE,JABOATAO DOS GUARARAPES,PE,247,610,14,78,485,0.25101214574898784,0.06477732793522267,0.06882591093117409,0.02834008097165992,0.15789473684210525,0.022950819672131147,0.12786885245901639,1.9635627530364372,5.5134287461649825,1
JACAREI - SP,JACAREI,SP,99,265,7,19,204,0.32323232323232326,0.020202020202020204,0.0707070707070707,0.09090909090909091,0.2727272727272727,0.026415094339622643,0.07169811320754717,2.0606060606060606,4.605170185988092,1
JACAREZINHO - PR,JACAREZINHO,PR,53,132,3,15,107,0.4339622641509434,0.03773584905660377,0.018867924528301886,0.9433962264150944,0.1509433962264151,0.022727272727272728,0.11363636363636363,2.018867924528302,3.9889840465642745,0
JACIARA - MT,JACIARA,MT,112,352,8,40,257,0.24107142857142858,0.0625,0.14285714285714285,0.17857142857142858,0.35714285714285715,0.022727272727272728,0.11363636363636363,2.294642857142857,4.727387818712341,1
JACUPIRANGA - SP,JACUPIRANGA,SP,36,99,4,6,76,0.19444444444444445,0.05555555555555555,0.16666666666666666,0.16666666666666666,0.3055555555555556,0.04040404040404041,0.06060606060606061,2.111111111111111,3.6109179126442243,1
JAGUAQUARA - BA,JAGUAQUARA,BA,48,190,7,18,130,0.3333333333333333,0.041666666666666664,0.10416666666666667,0.9791666666666666,0.1875,0.03684210526315789,0.09473684210526316,2.7083333333333335,3.8918202981106265,0
JAGUARIBE - CE,JAGUARIBE,CE,30,66,7,11,53,0.26666666666666666,0.06666666666666667,0.0,1.0,0.23333333333333334,0.10606060606060606,0.16666666666666666,1.7666666666666666,3.4339872044851463,0
JANDAIA DO SUL - PR,JANDAIA DO SUL,PR,39,88,5,10,76,0.3076923076923077,0.02564102564102564,0.0,0.6153846153846154,0.15384615384615385,0.056818181818181816,0.11363636363636363,1.9487179487179487,3.6888794541139363,0
JANGADA - MT,JANGADA,MT,37,165,10,10,144,0.10810810810810811,0.05405405405405406,0.02702702702702703,0.972972972972973,0.16216216216216217,0.06060606060606061,0.06060606060606061,3.891891891891892,3.6375861597263857,0
JARAGUA - GO,JARAGUA,GO,50,130,5,18,84,0.42,0.06,0.12,0.86,0.16,0.038461538461538464,0.13846153846153847,1.68,3.9318256327243257,0
JARAGUA DO SUL - SC,JARAGUA DO SUL,SC,42,107,1,13,87,0.42857142857142855,0.023809523809523808,0.16666666666666666,0.9523809523809523,0.2857142857142857,0.009345794392523364,0.12149532710280374,2.0714285714285716,3.7612001156935624,0
JARAGUARI - MS,JARAGUARI,MS,35,119,5,4,78,0.4,0.0,0.0,0.6,0.22857142857142856,0.04201680672268908,0.03361344537815126,2.2285714285714286,3.58351893845611,0
JARU - RO,JARU,RO,154,399,5,39,331,0.2727272727272727,0.12987012987012986,0.045454545454545456,0.7987012987012987,0.2012987012987013,0.012531328320802004,0.09774436090225563,2.1493506493506493,5.043425116919247,1
JATAI - GO,JATAI,GO,85,243,9,13,196,0.3058823529411765,0.058823529411764705,0.1411764705882353,0.6,0.3058823529411765,0.037037037037037035,0.053497942386831275,2.3058823529411763,4.454347296253507,1
JEQUIE - BA,JEQUIE,BA,82,227,7,41,161,0.35365853658536583,0.06097560975609756,0.13414634146341464,0.975609756097561,0.17073170731707318,0.030837004405286344,0.18061674008810572,1.9634146341463414,4.418840607796598,0
JEQUITAI - MG,JEQUITAI,MG,42,158,6,20,83,0.19047619047619047,0.023809523809523808,0.5,0.9761904761904762,0.4523809523809524,0.0379746835443038,0.12658227848101267,1.9761904761904763,3.7612001156935624,0
JI-PARANA - RO,JI-PARANA,RO,147,372,5,36,291,0.3333333333333333,0.08163265306122448,0.034013605442176874,0.3945578231292517,0.2108843537414966,0.013440860215053764,0.0967741935483871,1.9795918367346939,4.997212273764115,1
JOACABA - SC,JOACABA,SC,37,95,3,8,64,0.43243243243243246,0.02702702702702703,0.3783783783783784,0.918918918918919,0.10810810810810811,0.031578947368421054,0.08421052631578947,1.7297297297297298,3.6375861597263857,0
JOAO MONLEVADE - MG,JOAO MONLEVADE,MG,68,237,3,17,140,0.3382352941176471,0.029411764705882353,0.11764705882352941,1.0,0.14705882352941177,0.012658227848101266,0.07172995780590717,2.0588235294117645,4.23410650459726,0
JOAO NEIVA - ES,JOAO NEIVA,ES,49,138,8,17,112,0.3469387755102041,0.08163265306122448,0.08163265306122448,0.9183673469387755,0.22448979591836735,0.057971014492753624,0.12318840579710146,2.2857142857142856,3.912023005428146,0
JOAO PESSOA - PB,JOAO PESSOA,PB,503,1195,11,141,956,0.2524850894632207,0.07157057654075547,0.0536779324055666,0.08946322067594434,0.220675944333996,0.009205020920502092,0.11799163179916318,1.900596421471173,6.222576268071369,1
JOAO PINHEIRO - MG,JOAO PINHEIRO,MG,89,312,20,33,184,0.34831460674157305,0.07865168539325842,0.1797752808988764,0.9775280898876404,0.12359550561797752,0.0641025641025641,0.10576923076923077,2.067415730337079,4.499809670330265,0
JOINVILLE - SC,JOINVILLE,SC,281,782,8,34,620,0.298932384341637,0.0498220640569395,0.18505338078291814,0.13523131672597866,0.13167259786476868,0.010230179028132993,0.043478260869565216,2.206405693950178,5.641907070938114,1
JOSE BONIFACIO - SP,JOSE BONIFACIO,SP,31,79,4,10,65,0.41935483870967744,0.06451612903225806,0.06451612903225806,0.8709677419354839,0.2903225806451613,0.05063291139240506,0.12658227848101267,2.096774193548387,3.4657359027997265,0
JUATUBA - MG,JUATUBA,MG,80,180,2,28,130,0.4125,0.0625,0.125,0.025,0.275,0.011111111111111112,0.15555555555555556,1.625,4.394449154672439,1
JUAZEIRO - BA,JUAZEIRO,BA,117,303,13,33,236,0.3162393162393162,0.017094017094017096,0.03418803418803419,0.8290598290598291,0.09401709401709402,0.0429042904290429,0.10891089108910891,2.017094017094017,4.770684624465665,0
JUIZ DE FORA - MG,JUIZ DE FORA,MG,147,379,15,43,274,0.3741496598639456,0.05442176870748299,0.1360544217687075,0.40816326530612246,0.17006802721088435,0.0395778364116095,0.11345646437994723,1.8639455782312926,4.997212273764115,1
JUQUITIBA - SP,JUQUITIBA,SP,73,147,5,14,118,0.3972602739726027,0.0410958904109589,0.2054794520547945,0.0273972602739726,0.2054794520547945,0.034013605442176874,0.09523809523809523,1.6164383561643836,4.304065093204169,1
JUSCIMEIRA - MT,JUSCIMEIRA,MT,32,92,1,5,59,0.4375,0.0625,0.09375,0.0,0.3125,0.010869565217391304,0.05434782608695652,1.84375,3.4965075614664802,1
LAGES - SC,LAGES,SC,130,410,12,26,278,0.3153846153846154,0.06153846153846154,0.1,0.9461538461538461,0.16153846153846155,0.02926829268292683,0.06341463414634146,2.1384615384615384,4.875197323201151,0
LAGOA VERMELHA - RS,LAGOA VERMELHA,RS,46,129,5,11,99,0.32608695652173914,0.10869565217391304,0.10869565217391304,0.9782608695652174,0.17391304347826086,0.03875968992248062,0.08527131782945736,2.152173913043478,3.8501476017100584,0
LAGUNA - SC,LAGUNA,SC,61,127,3,16,102,0.4426229508196721,0.06557377049180328,0.19672131147540983,0.14754098360655737,0.22950819672131148,0.023622047244094488,0.12598425196850394,1.6721311475409837,4.127134385045092,1
LAJEADO - RS,LAJEADO,RS,82,170,1,12,143,0.4146341463414634,0.07317073170731707,0.036585365853658534,0.3780487804878049,0.18292682926829268,0.0058823529411764705,0.07058823529411765,1.7439024390243902,4.418840607796598,1
LAPA - PR,LAPA,PR,54,152,12,20,126,0.35185185185185186,0.05555555555555555,0.07407407407407407,0.8888888888888888,0.14814814814814814,0.07894736842105263,0.13157894736842105,2.3333333333333335,4.007333185232471,0
LARANJEIRAS DO SUL - PR,LARANJEIRAS DO SUL,PR,42,140,9,18,100,0.21428571428571427,0.07142857142857142,0.047619047619047616,1.0,0.16666666666666666,0.06428571428571428,0.12857142857142856,2.380952380952381,3.7612001156935624,0
LAVRAS - MG,LAVRAS,MG,51,125,0,5,80,0.27450980392156865,0.0196078431372549,0.3137254901960784,0.0392156862745098,0.2549019607843137,0.0,0.04,1.5686274509803921,3.9512437185814275,1
LEOPOLDINA - MG,LEOPOLDINA,MG,99,301,17,36,188,0.32323232323232326,0.06060606060606061,0.16161616161616163,0.98989898989899,0.18181818181818182,0.05647840531561462,0.11960132890365449,1.898989898989899,4.605170185988092,0
LINDOESTE - PR,LINDOESTE,PR,37,91,2,4,71,0.40540540540540543,0.08108108108108109,0.24324324324324326,0.1891891891891892,0.21621621621621623,0.02197802197802198,0.04395604395604396,1.9189189189189189,3.6375861597263857,1
LINHARES - ES,LINHARES,ES,295,807,10,79,630,0.30847457627118646,0.05423728813559322,0.05423728813559322,0.4135593220338983,0.13898305084745763,0.012391573729863693,0.09789343246592318,2.135593220338983,5.69035945432406,1
LONDRINA - PR,LONDRINA,PR,169,412,3,39,348,0.23668639053254437,0.07100591715976332,0.04142011834319527,0.04142011834319527,0.1834319526627219,0.007281553398058253,0.09466019417475728,2.059171597633136,5.135798437050262,1
LONTRAS - SC,LONTRAS,SC,35,92,9,10,71,0.2857142857142857,0.05714285714285714,0.22857142857142856,0.9142857142857143,0.17142857142857143,0.09782608695652174,0.10869565217391304,2.0285714285714285,3.58351893845611,0
LORENA - SP,LORENA,SP,66,159,0,16,126,0.3787878787878788,0.030303030303030304,0.10606060606060606,0.3333333333333333,0.22727272727272727,0.0,0.10062893081761007,1.9090909090909092,4.204692619390966,1
LUCAS DO RIO VERDE - MT,LUCAS DO RIO VERDE,MT,58,214,1,21,135,0.3103448275862069,0.10344827586206896,0.13793103448275862,0.9482758620689655,0.29310344827586204,0.004672897196261682,0.09813084112149532,2.3275862068965516,4.07753744390572,0
LUZ - MG,LUZ,MG,49,185,14,25,131,0.2653061224489796,0.061224489795918366,0.14285714285714285,0.9795918367346939,0.2653061224489796,0.07567567567567568,0.13513513513513514,2.673469387755102,3.912023005428146,0
LUZIANIA - GO,LUZIANIA,GO,183,426,25,45,343,0.3770491803278688,0.04371584699453552,0.09289617486338798,0.09289617486338798,0.22950819672131148,0.05868544600938967,0.1056338028169014,1.8743169398907105,5.214935757608986,1
MACAE - RJ,MACAE,RJ,39,140,6,8,83,0.3076923076923077,0.07692307692307693,0.2564102564102564,0.7435897435897436,0.15384615384615385,0.04285714285714286,0.05714285714285714,2.128205128205128,3.6888794541139363,0
MACAIBA - RN,MACAIBA,RN,129,348,6,30,252,0.3488372093023256,0.07751937984496124,0.10077519379844961,0.4573643410852713,0.10852713178294573,0.017241379310344827,0.08620689655172414,1.9534883720930232,4.867534450455582,1
MACAPA - AP,MACAPA,AP,87,204,1,26,169,0.3448275862068966,0.04597701149425287,0.05747126436781609,0.47126436781609193,0.14942528735632185,0.004901960784313725,0.12745098039215685,1.9425287356321839,4.477336814478207,1
MAFRA - SC,MAFRA,SC,103,312,8,25,207,0.3106796116504854,0.04854368932038835,0.22330097087378642,1.0,0.1941747572815534,0.02564102564102564,0.08012820512820513,2.0097087378640777,4.6443908991413725,0
MAGE - RJ,MAGE,RJ,208,480,6,31,376,0.3894230769230769,0.052884615384615384,0.08173076923076923,0.3605769230769231,0.15384615384615385,0.0125,0.06458333333333334,1.8076923076923077,5.342334251964811,1
MAIRIPORA - SP,MAIRIPORA,SP,183,450,7,33,315,0.3551912568306011,0.07103825136612021,0.20218579234972678,0.0546448087431694,0.3114754098360656,0.015555555555555555,0.07333333333333333,1.721311475409836,5.214935757608986,1
MAMANGUAPE - PB,MAMANGUAPE,PB,56,147,2,13,95,0.375,0.03571428571428571,0.05357142857142857,0.05357142857142857,0.17857142857142858,0.013605442176870748,0.08843537414965986,1.6964285714285714,4.04305126783455,1
MANAUS - AM,MANAUS,AM,57,202,5,20,131,0.3333333333333333,0.07017543859649122,0.08771929824561403,0.9298245614035088,0.17543859649122806,0.024752475247524754,0.09900990099009901,2.2982456140350878,4.060443010546419,0
MANDAGUARI - PR,MANDAGUARI,PR,49,116,3,14,99,0.3469387755102041,0.061224489795918366,0.0,0.673469387755102,0.16326530612244897,0.02586206896551724,0.1206896551724138,2.020408163265306,3.912023005428146,0
MANDIRITUBA - PR,MANDIRITUBA,PR,94,275,9,28,188,0.4148936170212766,0.07446808510638298,0.13829787234042554,0.648936170212766,0.22340425531914893,0.03272727272727273,0.10181818181818182,2.0,4.553876891600541,0
MANGARATIBA - RJ,MANGARATIBA,RJ,146,393,14,53,252,0.3013698630136986,0.0684931506849315,0.21232876712328766,0.821917808219178,0.14383561643835616,0.035623409669211195,0.13486005089058525,1.726027397260274,4.990432586778736,1
MANHUACU - MG,MANHUACU,MG,228,591,16,53,425,0.34210526315789475,0.04824561403508772,0.12280701754385964,0.9868421052631579,0.19298245614035087,0.02707275803722504,0.08967851099830795,1.8640350877192982,5.43372200355424,1
MARABA - PA,MARABA,PA,157,439,12,54,358,0.28662420382165604,0.10191082802547771,0.050955414012738856,0.4140127388535032,0.2611464968152866,0.02733485193621868,0.12300683371298406,2.2802547770700636,5.062595033026967,1
MARACAJA - SC,MARACAJA,SC,32,67,1,11,54,0.28125,0.03125,0.09375,0.125,0.21875,0.014925373134328358,0.16417910447761194,1.6875,3.4965075614664802,1
MARECHAL CANDIDO RONDON - PR,MARECHAL CANDIDO RONDON,PR,31,81,3,8,64,0.1935483870967742,0.0,0.03225806451612903,0.7419354838709677,0.16129032258064516,0.037037037037037035,0.09876543209876543,2.064516129032258,3.4657359027997265,0
MARECHAL FLORIANO - ES,MARECHAL FLORIANO,ES,62,181,7,26,143,0.41935483870967744,0.08064516129032258,0.08064516129032258,0.9354838709677419,0.1774193548387097,0.03867403314917127,0.143646408839779,2.306451612903226,4.143134726391533,0
MARIALVA - PR,MARIALVA,PR,35,76,1,10,65,0.34285714285714286,0.02857142857142857,0.11428571428571428,0.05714285714285714,0.22857142857142856,0.013157894736842105,0.13157894736842105,1.8571428571428572,3.58351893845611,1
MARINGA - PR,MARINGA,PR,259,694,9,81,559,0.3088803088803089,0.03861003861003861,0.04247104247104247,0.011583011583011582,0.15444015444015444,0.012968299711815562,0.11671469740634005,2.158301158301158,5.560681631015528,1
MARTINS SOARES - MG,MARTINS SOARES,MG,30,75,3,8,54,0.23333333333333334,0.1,0.1,1.0,0.36666666666666664,0.04,0.10666666666666667,1.8,3.4339872044851463,0
MATELANDIA - PR,MATELANDIA,PR,59,123,5,15,97,0.4406779661016949,0.03389830508474576,0.0847457627118644,0.3220338983050847,0.2542372881355932,0.04065040650406504,0.12195121951219512,1.6440677966101696,4.0943445622221,1
MATIAS BARBOSA - MG,MATIAS BARBOSA,MG,34,118,1,6,63,0.38235294117647056,0.029411764705882353,0.14705882352941177,0.11764705882352941,0.17647058823529413,0.00847457627118644,0.05084745762711865,1.8529411764705883,3.5553480614894135,1
MATUPA - MT,MATUPA,MT,38,105,4,13,91,0.39473684210526316,0.05263157894736842,0.05263157894736842,1.0,0.2631578947368421,0.0380952380952381,0.12380952380952381,2.3947368421052633,3.6635616461296463,0
MAUA DA SERRA - PR,MAUA DA SERRA,PR,65,149,0,19,119,0.3384615384615385,0.015384615384615385,0.09230769230769231,0.046153846153846156,0.3384615384615385,0.0,0.12751677852348994,1.8307692307692307,4.189654742026425,1
MEDIANEIRA - PR,MEDIANEIRA,PR,66,174,9,27,121,0.42424242424242425,0.015151515151515152,0.06060606060606061,0.0,0.24242424242424243,0.05172413793103448,0.15517241379310345,1.8333333333333333,4.204692619390966,1
MINEIROS - GO,MINEIROS,GO,41,161,2,11,132,0.34146341463414637,0.07317073170731707,0.0975609756097561,0.926829268292683,0.2682926829268293,0.012422360248447204,0.06832298136645963,3.2195121951219514,3.7376696182833684,0
MIRACATU - SP,MIRACATU,SP,145,370,4,24,296,0.31724137931034485,0.06896551724137931,0.21379310344827587,0.027586206896551724,0.2,0.010810810810810811,0.06486486486486487,2.0413793103448277,4.983606621708336,1
MIRANDA - MS,MIRANDA,MS,48,149,8,19,90,0.2916666666666667,0.041666666666666664,0.0625,0.9166666666666666,0.22916666666666666,0.053691275167785234,0.12751677852348994,1.875,3.8918202981106265,0
MONTE ALEGRE DE MINAS - MG,MONTE ALEGRE DE MINAS,MG,94,276,12,15,218,0.2765957446808511,0.05319148936170213,0.1595744680851064,0.2553191489361702,0.20212765957446807,0.043478260869565216,0.05434782608695652,2.3191489361702127,4.553876891600541,1
MONTE CASTELO - SC,MONTE CASTELO,SC,41,96,7,5,81,0.34146341463414637,0.04878048780487805,0.12195121951219512,1.0,0.21951219512195122,0.07291666666666667,0.052083333333333336,1.975609756097561,3.7376696182833684,0
MONTENEGRO - RS,MONTENEGRO,RS,32,87,2,6,57,0.3125,0.0,0.28125,0.59375,0.21875,0.022988505747126436,0.06896551724137931,1.78125,3.4965075614664802,1
MONTES CLAROS - MG,MONTES CLAROS,MG,73,211,12,36,143,0.3835616438356164,0.0958904109589041,0.2054794520547945,1.0,0.2191780821917808,0.05687203791469194,0.17061611374407584,1.9589041095890412,4.304065093204169,0
MORENO - PE,MORENO,PE,56,161,6,14,107,0.30357142857142855,0.03571428571428571,0.125,0.0,0.125,0.037267080745341616,0.08695652173913043,1.9107142857142858,4.04305126783455,1
MORRETES - PR,MORRETES,PR,161,460,4,26,315,0.33540372670807456,0.08074534161490683,0.2795031055900621,0.031055900621118012,0.2546583850931677,0.008695652173913044,0.05652173913043478,1.9565217391304348,5.087596335232384,1
MORRINHOS - GO,MORRINHOS,GO,53,139,7,13,92,0.33962264150943394,0.0,0.18867924528301888,0.018867924528301886,0.24528301886792453,0.050359712230215826,0.09352517985611511,1.7358490566037736,3.9889840465642745,1
MOSSORO - RN,MOSSORO,RN,284,674,10,92,534,0.2992957746478873,0.03169014084507042,0.02112676056338028,0.5845070422535211,0.18661971830985916,0.01483679525222552,0.13649851632047477,1.880281690140845,5.652489180268651,1
MUNDO NOVO - MS,MUNDO NOVO,MS,45,143,3,12,84,0.37777777777777777,0.1111111111111111,0.044444444444444446,1.0,0.26666666666666666,0.02097902097902098,0.08391608391608392,1.8666666666666667,3.828641396489095,0
MURIAE - MG,MURIAE,MG,167,399,9,41,323,0.2634730538922156,0.04790419161676647,0.07784431137724551,0.9940119760479041,0.18562874251497005,0.022556390977443608,0.10275689223057644,1.9341317365269461,5.123963979403259,1
NATAL - RN,NATAL,RN,300,731,5,82,606,0.26666666666666666,0.05333333333333334,0.043333333333333335,0.17333333333333334,0.25333333333333335,0.006839945280437756,0.1121751025991792,2.02,5.707110264748875,1
NAVEGANTES - SC,NAVEGANTES,SC,111,257,2,40,218,0.35135135135135137,0.09009009009009009,0.0990990990990991,0.14414414414414414,0.17117117117117117,0.007782101167315175,0.1556420233463035,1.9639639639639639,4.718498871295094,1
NITEROI - RJ,NITEROI,RJ,218,539,8,23,418,0.20642201834862386,0.03669724770642202,0.05045871559633028,0.10550458715596331,0.23394495412844038,0.014842300556586271,0.04267161410018553,1.9174311926605505,5.389071729816501,1
NOSSA SENHORA DO SOCORRO - SE,NOSSA SENHORA DO SOCORRO,SE,152,338,8,35,259,0.3618421052631579,0.06578947368421052,0.046052631578947366,0.18421052631578946,0.17763157894736842,0.023668639053254437,0.10355029585798817,1.7039473684210527,5.030437921392435,1
NOVA ALVORADA DO SUL - MS,NOVA ALVORADA DO SUL,MS,80,248,6,25,175,0.325,0.0625,0.05,0.9125,0.2,0.024193548387096774,0.10080645161290322,2.1875,4.394449154672439,0
NOVA ANDRADINA - MS,NOVA ANDRADINA,MS,36,130,7,13,97,0.2777777777777778,0.027777777777777776,0.08333333333333333,0.8333333333333334,0.2222222222222222,0.05384615384615385,0.1,2.6944444444444446,3.6109179126442243,0
NOVA ERA - MG,NOVA ERA,MG,54,150,3,14,99,0.2222222222222222,0.018518518518518517,0.18518518518518517,0.7407407407407407,0.25925925925925924,0.02,0.09333333333333334,1.8333333333333333,4.007333185232471,1
NOVA IGUACU - RJ,NOVA IGUACU,RJ,407,1006,15,80,800,0.2628992628992629,0.04668304668304668,0.04668304668304668,0.18673218673218672,0.22113022113022113,0.014910536779324055,0.07952286282306163,1.9656019656019657,6.0112671744041615,1
NOVA LARANJEIRAS - PR,NOVA LARANJEIRAS,PR,37,124,5,17,96,0.32432432432432434,0.02702702702702703,0.05405405405405406,0.972972972972973,0.21621621621621623,0.04032258064516129,0.13709677419354838,2.5945945945945947,3.6375861597263857,0
NOVA LIMA - MG,NOVA LIMA,MG,141,384,2,38,280,0.3333333333333333,0.06382978723404255,0.09219858156028368,0.2624113475177305,0.19858156028368795,0.005208333333333333,0.09895833333333333,1.9858156028368794,4.955827057601261,1
NOVA MUTUM - MT,NOVA MUTUM,MT,78,267,9,19,219,0.358974358974359,0.07692307692307693,0.07692307692307693,0.7564102564102564,0.1794871794871795,0.033707865168539325,0.07116104868913857,2.8076923076923075,4.3694478524670215,0
NOVA PRATA - RS,NOVA PRATA,RS,39,109,2,3,82,0.46153846153846156,0.07692307692307693,0.15384615384615385,0.9487179487179487,0.23076923076923078,0.01834862385321101,0.027522935779816515,2.1025641025641026,3.6888794541139363,0
NOVA SANTA RITA - RS,NOVA SANTA RITA,RS,52,172,1,11,109,0.38461538461538464,0.057692307692307696,0.07692307692307693,0.3269230769230769,0.3269230769230769,0.005813953488372093,0.06395348837209303,2.0961538461538463,3.970291913552122,1
NOVA SERRANA - MG,NOVA SERRANA,MG,109,269,13,36,206,0.3761467889908257,0.07339449541284404,0.10091743119266056,0.3119266055045872,0.1834862385321101,0.048327137546468404,0.13382899628252787,1.889908256880734,4.700480365792417,1
NOVA VICOSA - BA,NOVA VICOSA,BA,41,121,10,20,88,0.5121951219512195,0.04878048780487805,0.0975609756097561,1.0,0.14634146341463414,0.08264462809917356,0.1652892561983471,2.1463414634146343,3.7376696182833684,0
NOVO HAMBURGO - RS,NOVO HAMBURGO,RS,73,178,4,15,131,0.3972602739726027,0.0958904109589041,0.136986301369863,0.2054794520547945,0.2465753424657534,0.02247191011235955,0.08426966292134831,1.7945205479452055,4.304065093204169,1
NOVO PROGRESSO - PA,NOVO PROGRESSO,PA,32,95,12,13,79,0.40625,0.15625,0.0625,0.96875,0.4375,0.12631578947368421,0.1368421052631579,2.46875,3.4965075614664802,0
OEIRAS - PI,OEIRAS,PI,36,87,5,14,77,0.5555555555555556,0.08333333333333333,0.027777777777777776,0.9444444444444444,0.25,0.05747126436781609,0.16091954022988506,2.138888888888889,3.6109179126442243,0
OLIVEIRA - MG,OLIVEIRA,MG,68,209,2,19,112,0.45588235294117646,0.04411764705882353,0.3088235294117647,0.029411764705882353,0.22058823529411764,0.009569377990430622,0.09090909090909091,1.6470588235294117,4.23410650459726,1
ORTIGUEIRA - PR,ORTIGUEIRA,PR,93,329,16,33,212,0.3225806451612903,0.03225806451612903,0.25806451612903225,0.6989247311827957,0.25806451612903225,0.0486322188449848,0.10030395136778116,2.2795698924731185,4.543294782270004,0
OSORIO - RS,OSORIO,RS,56,132,3,17,86,0.32142857142857145,0.017857142857142856,0.25,0.08928571428571429,0.25,0.022727272727272728,0.12878787878787878,1.5357142857142858,4.04305126783455,1
OURO PRETO DO OESTE - RO,OURO PRETO DO OESTE,RO,49,135,5,16,103,0.24489795918367346,0.061224489795918366,0.02040816326530612,0.9795918367346939,0.14285714285714285,0.037037037037037035,0.11851851851851852,2.1020408163265305,3.912023005428146,0
PADRE BERNARDO - GO,PADRE BERNARDO,GO,33,86,6,11,63,0.42424242424242425,0.0,0.12121212121212122,0.7575757575757576,0.21212121212121213,0.06976744186046512,0.12790697674418605,1.9090909090909092,3.5263605246161616,0
PALHOCA - SC,PALHOCA,SC,582,1389,15,178,1181,0.29553264604810997,0.044673539518900345,0.12027491408934708,0.27835051546391754,0.14948453608247422,0.01079913606911447,0.12814974802015838,2.029209621993127,6.368187186350492,1
PALMAS - TO,PALMAS,TO,120,278,7,32,223,0.3,0.1,0.06666666666666667,0.1,0.275,0.025179856115107913,0.11510791366906475,1.8583333333333334,4.795790545596741,1
PALMEIRA - PR,PALMEIRA,PR,91,305,12,33,184,0.37362637362637363,0.054945054945054944,0.2087912087912088,0.7032967032967034,0.34065934065934067,0.03934426229508197,0.10819672131147541,2.021978021978022,4.5217885770490405,0
PALMEIRA DOS INDIOS - AL,PALMEIRA DOS INDIOS,AL,39,87,4,17,70,0.2564102564102564,0.07692307692307693,0.07692307692307693,1.0,0.28205128205128205,0.04597701149425287,0.19540229885057472,1.794871794871795,3.6888794541139363,0
PANAMBI - RS,PANAMBI,RS,37,90,8,13,69,0.35135135135135137,0.0,0.16216216216216217,1.0,0.2702702702702703,0.08888888888888889,0.14444444444444443,1.864864864864865,3.6375861597263857,0
PAPANDUVA - SC,PAPANDUVA,SC,32,92,5,15,67,0.40625,0.09375,0.0625,1.0,0.21875,0.05434782608695652,0.16304347826086957,2.09375,3.4965075614664802,0
PARA DE MINAS - MG,PARA DE MINAS,MG,52,131,4,20,87,0.40384615384615385,0.019230769230769232,0.11538461538461539,0.057692307692307696,0.15384615384615385,0.030534351145038167,0.15267175572519084,1.6730769230769231,3.970291913552122,1
PARACATU - MG,PARACATU,MG,88,312,9,31,165,0.19318181818181818,0.125,0.09090909090909091,0.9772727272727273,0.29545454545454547,0.028846153846153848,0.09935897435897435,1.875,4.48863636973214,1
PARAISO DO TOCANTINS - TO,PARAISO DO TOCANTINS,TO,44,145,1,16,105,0.3181818181818182,0.09090909090909091,0.06818181818181818,1.0,0.1590909090909091,0.006896551724137931,0.1103448275862069,2.3863636363636362,3.8066624897703196,0
PARANAGUA - PR,PARANAGUA,PR,188,541,13,26,436,0.31382978723404253,0.05319148936170213,0.13829787234042554,0.32978723404255317,0.23404255319148937,0.024029574861367836,0.04805914972273567,2.3191489361702127,5.241747015059643,1
PARANAIBA - MS,PARANAIBA,MS,49,157,4,9,107,0.3673469387755102,0.061224489795918366,0.12244897959183673,0.5714285714285714,0.30612244897959184,0.025477707006369428,0.05732484076433121,2.183673469387755,3.912023005428146,1
PARANAVAI - PR,PARANAVAI,PR,37,119,4,7,86,0.1891891891891892,0.10810810810810811,0.08108108108108109,0.6486486486486487,0.24324324324324326,0.03361344537815126,0.058823529411764705,2.324324324324324,3.6375861597263857,0
PARAOPEBA - MG,PARAOPEBA,MG,51,132,3,21,95,0.4117647058823529,0.0392156862745098,0.058823529411764705,0.0196078431372549,0.21568627450980393,0.022727272727272728,0.1590909090909091,1.8627450980392157,3.9512437185814275,1
PARATY - RJ,PARATY,RJ,121,307,7,50,214,0.2892561983471074,0.06611570247933884,0.2892561983471074,0.9917355371900827,0.1487603305785124,0.02280130293159609,0.16286644951140064,1.7685950413223142,4.804021044733257,0
PARNAIBA - PI,PARNAIBA,PI,82,189,6,25,155,0.2073170731707317,0.06097560975609756,0.04878048780487805,0.6341463414634146,0.23170731707317074,0.031746031746031744,0.13227513227513227,1.8902439024390243,4.418840607796598,1
PARNAMIRIM - RN,PARNAMIRIM,RN,181,426,3,39,339,0.23756906077348067,0.03867403314917127,0.06629834254143646,0.06629834254143646,0.20441988950276244,0.007042253521126761,0.09154929577464789,1.87292817679558,5.204006687076795,1
PASSO FUNDO - RS,PASSO FUNDO,RS,87,241,1,21,190,0.1724137931034483,0.05747126436781609,0.11494252873563218,0.9195402298850575,0.1724137931034483,0.004149377593360996,0.08713692946058091,2.1839080459770117,4.477336814478207,1
PATO BRANCO - PR,PATO BRANCO,PR,65,208,6,24,129,0.27692307692307694,0.1076923076923077,0.15384615384615385,0.9846153846153847,0.15384615384615385,0.028846153846153848,0.11538461538461539,1.9846153846153847,4.189654742026425,0
PATOS - PB,PATOS,PB,52,106,5,18,88,0.25,0.057692307692307696,0.019230769230769232,1.0,0.25,0.04716981132075472,0.16981132075471697,1.6923076923076923,3.970291913552122,0
PATOS DE MINAS - MG,PATOS DE MINAS,MG,54,190,11,25,121,0.2222222222222222,0.018518518518518517,0.3148148148148148,0.8148148148148148,0.18518518518518517,0.05789473684210526,0.13157894736842105,2.240740740740741,4.007333185232471,0
PATROCINIO - MG,PATROCINIO,MG,47,158,9,16,104,0.3191489361702128,0.06382978723404255,0.1702127659574468,0.8723404255319149,0.2553191489361702,0.056962025316455694,0.10126582278481013,2.2127659574468086,3.8712010109078907,0
PAUDALHO - PE,PAUDALHO,PE,34,82,10,6,58,0.29411764705882354,0.058823529411764705,0.029411764705882353,0.058823529411764705,0.11764705882352941,0.12195121951219512,0.07317073170731707,1.7058823529411764,3.5553480614894135,0
PAULISTA - PE,PAULISTA,PE,61,148,7,21,127,0.26229508196721313,0.11475409836065574,0.09836065573770492,0.11475409836065574,0.11475409836065574,0.0472972972972973,0.14189189189189189,2.081967213114754,4.127134385045092,1
PAULO LOPES - SC,PAULO LOPES,SC,54,111,3,17,86,0.35185185185185186,0.018518518518518517,0.2037037037037037,0.12962962962962962,0.24074074074074073,0.02702702702702703,0.15315315315315314,1.5925925925925926,4.007333185232471,1
PELOTAS - RS,PELOTAS,RS,155,406,8,59,298,0.3096774193548387,0.05806451612903226,0.15483870967741936,0.535483870967742,0.18064516129032257,0.019704433497536946,0.14532019704433496,1.9225806451612903,5.049856007249537,1
PENHA - SC,PENHA,SC,62,151,0,13,124,0.27419354838709675,0.08064516129032258,0.12903225806451613,0.06451612903225806,0.16129032258064516,0.0,0.08609271523178808,2.0,4.143134726391533,1
PERDOES - MG,PERDOES,MG,46,121,3,10,88,0.2826086956521739,0.0,0.15217391304347827,0.06521739130434782,0.2391304347826087,0.024793388429752067,0.08264462809917356,1.9130434782608696,3.8501476017100584,1
PESCARIA BRAVA - SC,PESCARIA BRAVA,SC,31,69,3,6,47,0.4838709677419355,0.06451612903225806,0.12903225806451613,0.06451612903225806,0.1935483870967742,0.043478260869565216,0.08695652173913043,1.5161290322580645,3.4657359027997265,1
PETROLINA - PE,PETROLINA,PE,279,683,11,71,547,0.2831541218637993,0.07885304659498207,0.010752688172043012,0.4050179211469534,0.1827956989247312,0.016105417276720352,0.10395314787701318,1.960573476702509,5.634789603169249,1
PETROPOLIS - RJ,PETROPOLIS,RJ,298,614,20,35,423,0.3422818791946309,0.06711409395973154,0.24161073825503357,0.40939597315436244,0.23154362416107382,0.03257328990228013,0.057003257328990226,1.419463087248322,5.700443573390686,1
PICOS - PI,PICOS,PI,136,324,7,50,255,0.36764705882352944,0.0661764705882353,0.007352941176470588,0.7573529411764706,0.2647058823529412,0.021604938271604937,0.15432098765432098,1.875,4.919980925828125,0
PILAR - AL,PILAR,AL,55,147,8,18,120,0.34545454545454546,0.05454545454545454,0.05454545454545454,0.8,0.18181818181818182,0.05442176870748299,0.12244897959183673,2.1818181818181817,4.02535169073515,0
PIMENTA BUENO - RO,PIMENTA BUENO,RO,99,427,11,37,245,0.30303030303030304,0.020202020202020204,0.13131313131313133,0.9797979797979798,0.12121212121212122,0.02576112412177986,0.08665105386416862,2.474747474747475,4.605170185988092,0
PINDAMONHANGABA - SP,PINDAMONHANGABA,SP,129,363,8,26,283,0.3333333333333333,0.05426356589147287,0.06201550387596899,0.03875968992248062,0.26356589147286824,0.02203856749311295,0.07162534435261708,2.193798449612403,4.867534450455582,1
PINHALZINHO - SC,PINHALZINHO,SC,49,112,4,17,84,0.3877551020408163,0.08163265306122448,0.1836734693877551,0.9387755102040817,0.16326530612244897,0.03571428571428571,0.15178571428571427,1.7142857142857142,3.912023005428146,0
PIRAI - RJ,PIRAI,RJ,164,464,15,23,326,0.3170731707317073,0.054878048780487805,0.17073170731707318,0.15853658536585366,0.1951219512195122,0.032327586206896554,0.04956896551724138,1.9878048780487805,5.10594547390058,1
PIRAQUARA - PR,PIRAQUARA,PR,40,94,4,7,74,0.35,0.05,0.175,0.025,0.25,0.0425531914893617,0.07446808510638298,1.85,3.713572066704308,1
PIRIPIRI - PI,PIRIPIRI,PI,36,80,5,10,59,0.2777777777777778,0.05555555555555555,0.027777777777777776,0.9722222222222222,0.19444444444444445,0.0625,0.125,1.6388888888888888,3.6109179126442243,0
POMBOS - PE,POMBOS,PE,37,82,6,14,68,0.40540540540540543,0.02702702702702703,0.02702702702702703,0.10810810810810811,0.16216216216216217,0.07317073170731707,0.17073170731707318,1.837837837837838,3.6375861597263857,0
PONTA GROSSA - PR,PONTA GROSSA,PR,254,729,24,61,551,0.29133858267716534,0.04330708661417323,0.12598425196850394,0.09448818897637795,0.2283464566929134,0.03292181069958848,0.08367626886145405,2.1692913385826773,5.541263545158426,1
PONTA PORA - MS,PONTA PORA,MS,33,70,3,6,58,0.3333333333333333,0.09090909090909091,0.09090909090909091,0.8181818181818182,0.18181818181818182,0.04285714285714286,0.08571428571428572,1.7575757575757576,3.5263605246161616,0
PONTE ALTA - SC,PONTE ALTA,SC,32,60,2,5,49,0.375,0.0,0.28125,0.96875,0.3125,0.03333333333333333,0.08333333333333333,1.53125,3.4965075614664802,0
PONTE SERRADA - SC,PONTE SERRADA,SC,54,178,5,14,124,0.24074074074074073,0.05555555555555555,0.16666666666666666,0.7962962962962963,0.12962962962962962,0.028089887640449437,0.07865168539325842,2.2962962962962963,4.007333185232471,0
PONTES E LACERDA - MT,PONTES E LACERDA,MT,79,196,4,15,145,0.27848101265822783,0.10126582278481013,0.10126582278481013,1.0,0.17721518987341772,0.02040816326530612,0.07653061224489796,1.8354430379746836,4.382026634673881,0
PORANGATU - GO,PORANGATU,GO,43,120,5,10,89,0.3488372093023256,0.023255813953488372,0.023255813953488372,1.0,0.27906976744186046,0.041666666666666664,0.08333333333333333,2.0697674418604652,3.784189633918261,0
PORTO ALEGRE - RS,PORTO ALEGRE,RS,259,679,6,24,498,0.27413127413127414,0.07722007722007722,0.07722007722007722,0.10810810810810811,0.1969111969111969,0.008836524300441826,0.035346097201767304,1.9227799227799227,5.560681631015528,1
PORTO BELO - SC,PORTO BELO,SC,91,190,3,16,157,0.34065934065934067,0.02197802197802198,0.15384615384615385,0.07692307692307693,0.26373626373626374,0.015789473684210527,0.08421052631578947,1.7252747252747254,4.5217885770490405,1
PORTO SEGURO - BA,PORTO SEGURO,BA,91,233,5,45,173,0.3076923076923077,0.04395604395604396,0.10989010989010989,0.967032967032967,0.24175824175824176,0.02145922746781116,0.19313304721030042,1.901098901098901,4.5217885770490405,0
PORTO VELHO - RO,PORTO VELHO,RO,363,887,36,96,733,0.29201101928374656,0.01928374655647383,0.06060606060606061,0.3085399449035813,0.14600550964187328,0.040586245772266064,0.10822998872604284,2.0192837465564737,5.8971538676367405,1
POSSE - GO,POSSE,GO,34,196,9,11,94,0.35294117647058826,0.029411764705882353,0.08823529411764706,0.9705882352941176,0.20588235294117646,0.04591836734693878,0.05612244897959184,2.764705882352941,3.5553480614894135,0
POUSO ALEGRE - MG,POUSO ALEGRE,MG,104,283,6,17,212,0.28846153846153844,0.028846153846153848,0.11538461538461539,0.21153846153846154,0.20192307692307693,0.02120141342756184,0.06007067137809187,2.0384615384615383,4.653960350157523,1
POUSO ALTO - MG,POUSO ALTO,MG,46,114,4,7,81,0.3695652173913043,0.0,0.10869565217391304,1.0,0.21739130434782608,0.03508771929824561,0.06140350877192982,1.7608695652173914,3.8501476017100584,0
POUSO NOVO - RS,POUSO NOVO,RS,36,117,3,13,87,0.25,0.027777777777777776,0.2222222222222222,0.9722222222222222,0.3055555555555556,0.02564102564102564,0.1111111111111111,2.4166666666666665,3.6109179126442243,0
POUSO REDONDO - SC,POUSO REDONDO,SC,60,171,5,28,131,0.45,0.03333333333333333,0.2,0.8666666666666667,0.15,0.029239766081871343,0.16374269005847952,2.183333333333333,4.110873864173311,0
PRATA - MG,PRATA,MG,70,205,9,18,162,0.21428571428571427,0.07142857142857142,0.15714285714285714,0.8428571428571429,0.2,0.04390243902439024,0.08780487804878048,2.3142857142857145,4.2626798770413155,0
PRESIDENTE FIGUEIREDO - AM,PRESIDENTE FIGUEIREDO,AM,37,101,7,5,65,0.43243243243243246,0.05405405405405406,0.05405405405405406,0.9459459459459459,0.13513513513513514,0.06930693069306931,0.04950495049504951,1.7567567567567568,3.6375861597263857,0
PRESIDENTE MEDICI - RO,PRESIDENTE MEDICI,RO,50,158,4,19,122,0.42,0.1,0.04,0.96,0.16,0.02531645569620253,0.12025316455696203,2.44,3.9318256327243257,0
PRIMAVERA DO LESTE - MT,PRIMAVERA DO LESTE,MT,56,168,3,13,132,0.26785714285714285,0.07142857142857142,0.10714285714285714,0.875,0.23214285714285715,0.017857142857142856,0.07738095238095238,2.357142857142857,4.04305126783455,0
PROFESSOR JAMIL - GO,PROFESSOR JAMIL,GO,34,77,4,6,60,0.29411764705882354,0.029411764705882353,0.29411764705882354,0.0,0.3235294117647059,0.05194805194805195,0.07792207792207792,1.7647058823529411,3.5553480614894135,1
PRUDENTOPOLIS - PR,PRUDENTOPOLIS,PR,82,273,10,13,188,0.3170731707317073,0.024390243902439025,0.06097560975609756,0.9512195121951219,0.24390243902439024,0.03663003663003663,0.047619047619047616,2.292682926829268,4.418840607796598,0
QUATRO BARRAS - PR,QUATRO BARRAS,PR,39,89,4,3,67,0.3333333333333333,0.05128205128205128,0.10256410256410256,0.05128205128205128,0.3076923076923077,0.0449438202247191,0.033707865168539325,1.7179487179487178,3.6888794541139363,1
QUEIMADAS - PB,QUEIMADAS,PB,38,102,2,20,66,0.34210526315789475,0.10526315789473684,0.10526315789473684,0.9736842105263158,0.13157894736842105,0.0196078431372549,0.19607843137254902,1.736842105263158,3.6635616461296463,0
QUEIMADOS - RJ,QUEIMADOS,RJ,108,260,10,20,188,0.35185185185185186,0.05555555555555555,0.09259259259259259,0.07407407407407407,0.1574074074074074,0.038461538461538464,0.07692307692307693,1.7407407407407407,4.6913478822291435,1
QUITANDINHA - PR,QUITANDINHA,PR,39,90,4,11,75,0.3076923076923077,0.02564102564102564,0.05128205128205128,0.9487179487179487,0.23076923076923078,0.044444444444444446,0.12222222222222222,1.9230769230769231,3.6888794541139363,0
RAFAEL JAMBEIRO - BA,RAFAEL JAMBEIRO,BA,35,125,12,13,81,0.2,0.02857142857142857,0.11428571428571428,0.4857142857142857,0.14285714285714285,0.096,0.104,2.3142857142857145,3.58351893845611,0
RANCHO QUEIMADO - SC,RANCHO QUEIMADO,SC,78,208,7,17,132,0.38461538461538464,0.02564102564102564,0.46153846153846156,0.9487179487179487,0.23076923076923078,0.03365384615384615,0.08173076923076923,1.6923076923076923,4.3694478524670215,1
RECIFE - PE,RECIFE,PE,661,1638,21,221,1312,0.22692889561270801,0.04236006051437216,0.057488653555219364,0.049924357034795766,0.13918305597579425,0.01282051282051282,0.1349206349206349,1.9848714069591529,6.495265555937008,1
REGISTRO - SP,REGISTRO,SP,74,214,6,10,140,0.24324324324324326,0.04054054054054054,0.16216216216216217,0.20270270270270271,0.33783783783783783,0.028037383177570093,0.04672897196261682,1.8918918918918919,4.31748811353631,1
RESENDE - RJ,RESENDE,RJ,91,200,8,23,161,0.3076923076923077,0.10989010989010989,0.13186813186813187,0.23076923076923078,0.2967032967032967,0.04,0.115,1.7692307692307692,4.5217885770490405,1
RIBAS DO RIO PARDO - MS,RIBAS DO RIO PARDO,MS,45,137,5,17,99,0.4,0.044444444444444446,0.022222222222222223,1.0,0.15555555555555556,0.0364963503649635,0.12408759124087591,2.2,3.828641396489095,0
RIBEIRA DO POMBAL - BA,RIBEIRA DO POMBAL,BA,57,139,4,32,101,0.43859649122807015,0.05263157894736842,0.07017543859649122,1.0,0.14035087719298245,0.02877697841726619,0.2302158273381295,1.7719298245614035,4.060443010546419,0
RIBEIRAO DAS NEVES - MG,RIBEIRAO DAS NEVES,MG,214,527,7,60,431,0.2616822429906542,0.04672897196261682,0.07009345794392523,0.018691588785046728,0.14953271028037382,0.013282732447817837,0.11385199240986717,2.014018691588785,5.3706380281276624,1
RIO BONITO - RJ,RIO BONITO,RJ,87,200,13,14,147,0.3793103448275862,0.011494252873563218,0.1724137931034483,0.011494252873563218,0.22988505747126436,0.065,0.07,1.6896551724137931,4.477336814478207,1
RIO BRANCO - AC,RIO BRANCO,AC,188,452,2,42,349,0.31382978723404253,0.07446808510638298,0.06382978723404255,0.19680851063829788,0.1702127659574468,0.004424778761061947,0.09292035398230089,1.8563829787234043,5.241747015059643,1
RIO BRILHANTE - MS,RIO BRILHANTE,MS,43,99,2,9,75,0.4418604651162791,0.046511627906976744,0.023255813953488372,0.8372093023255814,0.18604651162790697,0.020202020202020204,0.09090909090909091,1.744186046511628,3.784189633918261,0
RIO CASCA - MG,RIO CASCA,MG,34,89,9,13,65,0.35294117647058826,0.0,0.08823529411764706,1.0,0.17647058823529413,0.10112359550561797,0.14606741573033707,1.911764705882353,3.5553480614894135,0
RIO DE JANEIRO - RJ,RIO DE JANEIRO,RJ,371,917,14,65,696,0.24258760107816713,0.026954177897574125,0.05390835579514825,0.09433962264150944,0.20215633423180593,0.015267175572519083,0.07088331515812432,1.876010781671159,5.918893854273146,1
RIO DO SUL - SC,RIO DO SUL,SC,108,277,5,39,238,0.19444444444444445,0.09259259259259259,0.046296296296296294,0.8888888888888888,0.24074074074074073,0.018050541516245487,0.1407942238267148,2.2037037037037037,4.6913478822291435,0
RIO GRANDE - RS,RIO GRANDE,RS,147,386,8,18,285,0.2857142857142857,0.027210884353741496,0.11564625850340136,0.41496598639455784,0.11564625850340136,0.02072538860103627,0.046632124352331605,1.9387755102040816,4.997212273764115,1
RIO LARGO - AL,RIO LARGO,AL,106,253,5,43,199,0.22641509433962265,0.03773584905660377,0.07547169811320754,0.02830188679245283,0.14150943396226415,0.019762845849802372,0.16996047430830039,1.8773584905660377,4.672828834461906,1
RIO NEGRINHO - SC,RIO NEGRINHO,SC,96,227,3,18,189,0.2916666666666667,0.08333333333333333,0.0625,1.0,0.3229166666666667,0.013215859030837005,0.07929515418502203,1.96875,4.574710978503383,1
RIO NEGRO - PR,RIO NEGRO,PR,47,133,1,13,81,0.3617021276595745,0.02127659574468085,0.0851063829787234,0.9787234042553191,0.23404255319148937,0.007518796992481203,0.09774436090225563,1.7234042553191489,3.8712010109078907,0
RIO NOVO DO SUL - ES,RIO NOVO DO SUL,ES,44,141,7,22,98,0.3181818181818182,0.045454545454545456,0.18181818181818182,0.9772727272727273,0.25,0.04964539007092199,0.15602836879432624,2.227272727272727,3.8066624897703196,0
RIO PARDO - RS,RIO PARDO,RS,52,156,11,28,100,0.28846153846153844,0.0,0.11538461538461539,0.9230769230769231,0.19230769230769232,0.07051282051282051,0.1794871794871795,1.9230769230769231,3.970291913552122,0
RIO VERDE - GO,RIO VERDE,GO,181,560,15,57,377,0.3756906077348066,0.06077348066298342,0.11602209944751381,0.16022099447513813,0.19889502762430938,0.026785714285714284,0.10178571428571428,2.0828729281767955,5.204006687076795,1
RIO VERDE DE MATO GROSSO - MS,RIO VERDE DE MATO GROSSO,MS,51,133,1,15,95,0.45098039215686275,0.0392156862745098,0.058823529411764705,0.9215686274509803,0.35294117647058826,0.007518796992481203,0.11278195488721804,1.8627450980392157,3.9512437185814275,0
ROLANDIA - PR,ROLANDIA,PR,58,137,4,21,115,0.3793103448275862,0.06896551724137931,0.06896551724137931,0.5172413793103449,0.1724137931034483,0.029197080291970802,0.15328467153284672,1.9827586206896552,4.07753744390572,0
RONDONOPOLIS - MT,RONDONOPOLIS,MT,200,589,12,36,497,0.225,0.075,0.1,0.115,0.155,0.02037351443123939,0.06112054329371817,2.485,5.303304908059076,1
ROSARIO DO SUL - RS,ROSARIO DO SUL,RS,34,86,4,7,60,0.20588235294117646,0.058823529411764705,0.058823529411764705,1.0,0.29411764705882354,0.046511627906976744,0.08139534883720931,1.7647058823529411,3.5553480614894135,0
ROSARIO OESTE - MT,ROSARIO OESTE,MT,34,98,4,7,90,0.2647058823529412,0.029411764705882353,0.11764705882352941,0.5,0.2647058823529412,0.04081632653061224,0.07142857142857142,2.6470588235294117,3.5553480614894135,0
ROSEIRA - SP,ROSEIRA,SP,30,85,0,3,59,0.43333333333333335,0.03333333333333333,0.16666666666666666,0.0,0.2,0.0,0.03529411764705882,1.9666666666666666,3.4339872044851463,1
RUSSAS - CE,RUSSAS,CE,35,100,5,13,81,0.2857142857142857,0.0,0.0,0.9714285714285714,0.14285714285714285,0.05,0.13,2.3142857142857145,3.58351893845611,0
SABARA - MG,SABARA,MG,131,409,15,46,316,0.35877862595419846,0.03816793893129771,0.20610687022900764,0.9694656488549618,0.17557251908396945,0.03667481662591687,0.11246943765281174,2.4122137404580153,4.882801922586371,0
SALGUEIRO - PE,SALGUEIRO,PE,51,134,4,26,96,0.4117647058823529,0.0784313725490196,0.0196078431372549,1.0,0.17647058823529413,0.029850746268656716,0.19402985074626866,1.8823529411764706,3.9512437185814275,0
SALINAS - MG,SALINAS,MG,42,148,7,9,117,0.3333333333333333,0.023809523809523808,0.047619047619047616,1.0,0.2857142857142857,0.0472972972972973,0.060810810810810814,2.7857142857142856,3.7612001156935624,0
SALVADOR - BA,SALVADOR,BA,305,723,6,38,565,0.1901639344262295,0.03934426229508197,0.07213114754098361,0.05245901639344262,0.21311475409836064,0.008298755186721992,0.05255878284923928,1.8524590163934427,5.723585101952381,1
SANGAO - SC,SANGAO,SC,50,122,1,6,85,0.44,0.04,0.18,0.16,0.2,0.00819672131147541,0.04918032786885246,1.7,3.9318256327243257,1
SANTA BARBARA DO LESTE - MG,SANTA BARBARA DO LESTE,MG,31,71,1,8,49,0.3225806451612903,0.03225806451612903,0.12903225806451613,0.8709677419354839,0.25806451612903225,0.014084507042253521,0.11267605633802817,1.5806451612903225,3.4657359027997265,0
SANTA CECILIA - SC,SANTA CECILIA,SC,43,148,4,14,119,0.2558139534883721,0.046511627906976744,0.20930232558139536,0.9534883720930233,0.16279069767441862,0.02702702702702703,0.0945945945945946,2.7674418604651163,3.784189633918261,0
SANTA INES - MA,SANTA INES,MA,30,73,3,23,55,0.43333333333333335,0.03333333333333333,0.06666666666666667,0.9333333333333333,0.2,0.0410958904109589,0.3150684931506849,1.8333333333333333,3.4339872044851463,0
SANTA ISABEL - SP,SANTA ISABEL,SP,55,117,4,8,95,0.3090909090909091,0.03636363636363636,0.10909090909090909,0.03636363636363636,0.36363636363636365,0.03418803418803419,0.06837606837606838,1.7272727272727273,4.02535169073515,1
SANTA IZABEL DO PARA - PA,SANTA IZABEL DO PARA,PA,43,102,5,20,76,0.27906976744186046,0.023255813953488372,0.06976744186046512,0.023255813953488372,0.3488372093023256,0.049019607843137254,0.19607843137254902,1.7674418604651163,3.784189633918261,1
SANTA LUZIA - MG,SANTA LUZIA,MG,38,104,7,19,80,0.3684210526315789,0.07894736842105263,0.07894736842105263,1.0,0.18421052631578946,0.0673076923076923,0.18269230769230768,2.1052631578947367,3.6635616461296463,0
SANTA MARIA - RS,SANTA MARIA,RS,204,558,11,43,394,0.24509803921568626,0.0784313725490196,0.06372549019607843,0.4411764705882353,0.19607843137254902,0.01971326164874552,0.07706093189964158,1.9313725490196079,5.3230099791384085,1
SANTA MARIA DO PARA - PA,SANTA MARIA DO PARA,PA,43,138,8,15,94,0.37209302325581395,0.0,0.046511627906976744,0.9767441860465116,0.2558139534883721,0.057971014492753624,0.10869565217391304,2.186046511627907,3.784189633918261,0
SANTA RITA - PB,SANTA RITA,PB,128,304,6,35,200,0.3203125,0.046875,0.109375,0.03125,0.1796875,0.019736842105263157,0.11513157894736842,1.5625,4.859812404361672,1
SANTA RITA DE MINAS - MG,SANTA RITA DE MINAS,MG,44,96,2,18,84,0.4318181818181818,0.045454545454545456,0.045454545454545456,1.0,0.2727272727272727,0.020833333333333332,0.1875,1.9090909090909092,3.8066624897703196,0
SANTA TEREZA DO OESTE - PR,SANTA TEREZA DO OESTE,PR,39,129,4,5,82,0.2564102564102564,0.07692307692307693,0.10256410256410256,0.6923076923076923,0.2564102564102564,0.031007751937984496,0.03875968992248062,2.1025641025641026,3.6888794541139363,0
SANTA TEREZINHA DE ITAIPU - PR,SANTA TEREZINHA DE ITAIPU,PR,33,91,1,2,54,0.42424242424242425,0.09090909090909091,0.0,0.06060606060606061,0.24242424242424243,0.01098901098901099,0.02197802197802198,1.6363636363636365,3.5263605246161616,1
SANTANA DO LIVRAMENTO - RS,SANTANA DO LIVRAMENTO,RS,51,168,12,20,92,0.37254901960784315,0.0196078431372549,0.09803921568627451,1.0,0.1568627450980392,0.07142857142857142,0.11904761904761904,1.803921568627451,3.9512437185814275,0
SANTAREM - PA,SANTAREM,PA,35,105,7,16,77,0.34285714285714286,0.02857142857142857,0.02857142857142857,1.0,0.2571428571428571,0.06666666666666667,0.1523809523809524,2.2,3.58351893845611,0
SANTIAGO - RS,SANTIAGO,RS,30,66,3,7,49,0.4666666666666667,0.06666666666666667,0.03333333333333333,1.0,0.16666666666666666,0.045454545454545456,0.10606060606060606,1.6333333333333333,3.4339872044851463,0
SANTO AMARO DA IMPERATRIZ - SC,SANTO AMARO DA IMPERATRIZ,SC,64,165,3,25,130,0.375,0.125,0.109375,0.96875,0.25,0.01818181818181818,0.15151515151515152,2.03125,4.174387269895637,0
SANTO ANTONIO DA PATRULHA - RS,SANTO ANTONIO DA PATRULHA,RS,65,182,4,10,104,0.4307692307692308,0.015384615384615385,0.1076923076923077,0.015384615384615385,0.2153846153846154,0.02197802197802198,0.054945054945054944,1.6,4.189654742026425,1
SANTO ANTONIO DA PLATINA - PR,SANTO ANTONIO DA PLATINA,PR,48,117,0,11,98,0.25,0.10416666666666667,0.041666666666666664,0.9166666666666666,0.16666666666666666,0.0,0.09401709401709402,2.0416666666666665,3.8918202981106265,0
SANTO ANTONIO DE JESUS - BA,SANTO ANTONIO DE JESUS,BA,47,119,3,9,100,0.2978723404255319,0.10638297872340426,0.14893617021276595,0.9361702127659575,0.14893617021276595,0.025210084033613446,0.07563025210084033,2.127659574468085,3.8712010109078907,0
SANTO ANTONIO DO AMPARO - MG,SANTO ANTONIO DO AMPARO,MG,62,163,2,13,103,0.3548387096774194,0.016129032258064516,0.3870967741935484,0.016129032258064516,0.20967741935483872,0.012269938650306749,0.07975460122699386,1.6612903225806452,4.143134726391533,1
SANTO ANTONIO DO LEVERGER - MT,SANTO ANTONIO DO LEVERGER,MT,105,381,11,38,264,0.3047619047619048,0.009523809523809525,0.10476190476190476,0.05714285714285714,0.34285714285714286,0.028871391076115485,0.09973753280839895,2.5142857142857142,4.663439094112067,1
SANTO ESTEVAO - BA,SANTO ESTEVAO,BA,34,81,7,9,61,0.29411764705882354,0.029411764705882353,0.029411764705882353,0.0,0.20588235294117646,0.08641975308641975,0.1111111111111111,1.7941176470588236,3.5553480614894135,0
SANTOS DUMONT - MG,SANTOS DUMONT,MG,53,124,2,8,86,0.33962264150943394,0.05660377358490566,0.32075471698113206,0.9245283018867925,0.3018867924528302,0.016129032258064516,0.06451612903225806,1.6226415094339623,3.9889840465642745,1
SAO BENTO DO SUL - SC,SAO BENTO DO SUL,SC,42,90,4,6,62,0.38095238095238093,0.023809523809523808,0.2857142857142857,1.0,0.2619047619047619,0.044444444444444446,0.06666666666666667,1.4761904761904763,3.7612001156935624,0
SAO BORJA - RS,SAO BORJA,RS,36,94,1,14,73,0.3611111111111111,0.027777777777777776,0.05555555555555555,0.9722222222222222,0.25,0.010638297872340425,0.14893617021276595,2.0277777777777777,3.6109179126442243,0
SAO CAITANO - PE,SAO CAITANO,PE,44,100,3,15,75,0.38636363636363635,0.022727272727272728,0.022727272727272728,0.45454545454545453,0.1590909090909091,0.03,0.15,1.7045454545454546,3.8066624897703196,0
SAO CRISTOVAO - SE,SAO CRISTOVAO,SE,30,77,7,7,58,0.3333333333333333,0.03333333333333333,0.1,0.03333333333333333,0.23333333333333334,0.09090909090909091,0.09090909090909091,1.9333333333333333,3.4339872044851463,0
SAO CRISTOVAO DO SUL - SC,SAO CRISTOVAO DO SUL,SC,41,93,4,14,70,0.4146341463414634,0.12195121951219512,0.14634146341463414,1.0,0.2682926829268293,0.043010752688172046,0.15053763440860216,1.7073170731707317,3.7376696182833684,0
SAO DOMINGOS DO PRATA - MG,SAO DOMINGOS DO PRATA,MG,37,137,0,20,81,0.3783783783783784,0.05405405405405406,0.02702702702702703,1.0,0.16216216216216217,0.0,0.145985401459854,2.189189189189189,3.6375861597263857,0
SAO FRANCISCO DO SUL - SC,SAO FRANCISCO DO SUL,SC,59,156,1,16,135,0.3559322033898305,0.03389830508474576,0.15254237288135594,0.9152542372881356,0.288135593220339,0.00641025641025641,0.10256410256410256,2.288135593220339,4.0943445622221,0
SAO GABRIEL DO OESTE - MS,SAO GABRIEL DO OESTE,MS,48,143,4,16,106,0.22916666666666666,0.0,0.041666666666666664,0.75,0.3125,0.027972027972027972,0.11188811188811189,2.2083333333333335,3.8918202981106265,0
SAO GONCALO - RJ,SAO GONCALO,RJ,315,746,15,35,584,0.2253968253968254,0.04126984126984127,0.06349206349206349,0.07301587301587302,0.16825396825396827,0.020107238605898123,0.04691689008042895,1.853968253968254,5.755742213586912,1
SAO GONCALO DO ABAETE - MG,SAO GONCALO DO ABAETE,MG,42,119,4,13,84,0.42857142857142855,0.023809523809523808,0.3333333333333333,1.0,0.16666666666666666,0.03361344537815126,0.1092436974789916,2.0,3.7612001156935624,0
SAO GONCALO DO AMARANTE - RN,SAO GONCALO DO AMARANTE,RN,123,287,6,38,241,0.3170731707317073,0.07317073170731707,0.04065040650406504,0.21951219512195122,0.15447154471544716,0.020905923344947737,0.13240418118466898,1.9593495934959348,4.820281565605037,1
SAO GONCALO DO RIO ABAIXO - MG,SAO GONCALO DO RIO ABAIXO,MG,69,228,2,40,152,0.3333333333333333,0.043478260869565216,0.2753623188405797,0.8840579710144928,0.2608695652173913,0.008771929824561403,0.17543859649122806,2.2028985507246377,4.248495242049359,0
SAO GONCALO DO SAPUCAI - MG,SAO GONCALO DO SAPUCAI,MG,42,129,8,7,82,0.30952380952380953,0.0,0.30952380952380953,0.0,0.38095238095238093,0.06201550387596899,0.05426356589147287,1.9523809523809523,3.7612001156935624,1
SAO JOAO DA BARRA - RJ,SAO JOAO DA BARRA,RJ,31,105,2,13,65,0.3870967741935484,0.0,0.06451612903225806,1.0,0.3225806451612903,0.01904761904761905,0.12380952380952381,2.096774193548387,3.4657359027997265,0
SAO JOAO DE MERITI - RJ,SAO JOAO DE MERITI,RJ,173,416,6,27,320,0.27167630057803466,0.017341040462427744,0.04046242774566474,0.028901734104046242,0.2254335260115607,0.014423076923076924,0.06490384615384616,1.8497109826589595,5.159055299214529,1
SAO JOAQUIM DE BICAS - MG,SAO JOAQUIM DE BICAS,MG,32,90,0,5,78,0.28125,0.09375,0.03125,0.0625,0.21875,0.0,0.05555555555555555,2.4375,3.4965075614664802,1
SAO JOSE - SC,SAO JOSE,SC,778,1881,14,146,1587,0.2583547557840617,0.05398457583547558,0.10282776349614396,0.07455012853470437,0.2647814910025707,0.007442849548112706,0.07761828814460393,2.0398457583547556,6.658011045870748,1
SAO JOSE DE MIPIBU - RN,SAO JOSE DE MIPIBU,RN,63,176,4,12,116,0.2857142857142857,0.015873015873015872,0.07936507936507936,0.015873015873015872,0.14285714285714285,0.022727272727272728,0.06818181818181818,1.8412698412698412,4.1588830833596715,1
SAO JOSE DO RIO PRETO - SP,SAO JOSE DO RIO PRETO,SP,184,409,3,20,333,0.22282608695652173,0.04891304347826087,0.06521739130434782,0.125,0.16304347826086957,0.007334963325183374,0.0488997555012225,1.809782608695652,5.220355825078325,1
SAO JOSE DOS CAMPOS - SP,SAO JOSE DOS CAMPOS,SP,361,928,13,94,742,0.2520775623268698,0.04986149584487535,0.04986149584487535,0.013850415512465374,0.30193905817174516,0.014008620689655173,0.10129310344827586,2.0554016620498614,5.891644211825771,1
SAO JOSE DOS PINHAIS - PR,SAO JOSE DOS PINHAIS,PR,465,1195,34,78,916,0.34623655913978496,0.06236559139784946,0.0967741935483871,0.06881720430107527,0.20430107526881722,0.028451882845188285,0.06527196652719665,1.9698924731182796,6.144185634125646,1
SAO LEOPOLDO - RS,SAO LEOPOLDO,RS,192,443,3,39,345,0.2916666666666667,0.036458333333333336,0.08854166666666667,0.0625,0.15625,0.006772009029345372,0.08803611738148984,1.796875,5.262690188904886,1
SAO LOURENCO DA MATA - PE,SAO LOURENCO DA MATA,PE,50,112,4,13,73,0.42,0.02,0.08,0.06,0.18,0.03571428571428571,0.11607142857142858,1.46,3.9318256327243257,1
SAO LOURENCO DA SERRA - SP,SAO LOURENCO DA SERRA,SP,81,251,4,13,183,0.38271604938271603,0.0,0.12345679012345678,0.04938271604938271,0.32098765432098764,0.01593625498007968,0.05179282868525897,2.259259259259259,4.406719247264253,1
SAO LUIS - MA,SAO LUIS,MA,207,569,14,60,470,0.28502415458937197,0.06763285024154589,0.12077294685990338,0.07729468599033816,0.24154589371980675,0.02460456942003515,0.1054481546572935,2.2705314009661834,5.337538079701318,1
SAO LUIZ GONZAGA - RS,SAO LUIZ GONZAGA,RS,37,116,8,18,75,0.2702702702702703,0.05405405405405406,0.13513513513513514,1.0,0.1891891891891892,0.06896551724137931,0.15517241379310345,2.027027027027027,3.6375861597263857,0
SAO MARCOS - RS,SAO MARCOS,RS,30,79,0,16,61,0.5,0.1,0.13333333333333333,0.8,0.23333333333333334,0.0,0.20253164556962025,2.033333333333333,3.4339872044851463,0
SAO MATEUS - ES,SAO MATEUS,ES,146,389,8,52,299,0.3287671232876712,0.10273972602739725,0.06164383561643835,0.684931506849315,0.14383561643835616,0.02056555269922879,0.13367609254498714,2.047945205479452,4.990432586778736,1
SAO MATEUS DO SUL - PR,SAO MATEUS DO SUL,PR,44,125,5,25,101,0.38636363636363635,0.09090909090909091,0.09090909090909091,1.0,0.11363636363636363,0.04,0.2,2.2954545454545454,3.8066624897703196,0
SAO MIGUEL DO IGUACU - PR,SAO MIGUEL DO IGUACU,PR,64,173,4,20,107,0.40625,0.015625,0.046875,0.03125,0.1875,0.023121387283236993,0.11560693641618497,1.671875,4.174387269895637,1
SAO MIGUEL DO OESTE - SC,SAO MIGUEL DO OESTE,SC,78,202,0,21,157,0.28205128205128205,0.07692307692307693,0.038461538461538464,0.3974358974358974,0.24358974358974358,0.0,0.10396039603960396,2.0128205128205128,4.3694478524670215,1
SAO MIGUEL DOS CAMPOS - AL,SAO MIGUEL DOS CAMPOS,AL,41,88,2,10,82,0.4146341463414634,0.024390243902439025,0.0975609756097561,0.6341463414634146,0.17073170731707318,0.022727272727272728,0.11363636363636363,2.0,3.7376696182833684,0
SAO PAULO - SP,SAO PAULO,SP,329,771,37,54,632,0.331306990881459,0.057750759878419454,0.0790273556231003,0.02735562310030395,0.24316109422492402,0.04798962386511025,0.07003891050583658,1.9209726443768997,5.799092654460526,1
SAO SEBASTIAO DA BELA VISTA - MG,SAO SEBASTIAO DA BELA VISTA,MG,41,122,2,5,76,0.34146341463414637,0.12195121951219512,0.17073170731707318,0.0,0.1951219512195122,0.01639344262295082,0.040983606557377046,1.853658536585366,3.7376696182833684,1
SAO SEBASTIAO DO PASSE - BA,SAO SEBASTIAO DO PASSE,BA,65,176,7,12,113,0.2923076923076923,0.03076923076923077,0.015384615384615385,0.26153846153846155,0.2,0.03977272727272727,0.06818181818181818,1.7384615384615385,4.189654742026425,1
SAO SEPE - RS,SAO SEPE,RS,33,147,4,6,76,0.45454545454545453,0.06060606060606061,0.0,0.9393939393939394,0.3333333333333333,0.027210884353741496,0.04081632653061224,2.303030303030303,3.5263605246161616,0
SAPUCAIA - RJ,SAPUCAIA,RJ,101,238,7,33,181,0.31683168316831684,0.019801980198019802,0.16831683168316833,0.9801980198019802,0.24752475247524752,0.029411764705882353,0.13865546218487396,1.7920792079207921,4.624972813284271,0
SAPUCAIA DO SUL - RS,SAPUCAIA DO SUL,RS,61,137,2,6,122,0.26229508196721313,0.01639344262295082,0.06557377049180328,0.11475409836065574,0.21311475409836064,0.014598540145985401,0.043795620437956206,2.0,4.127134385045092,1
SARANDI - PR,SARANDI,PR,37,102,3,9,79,0.2702702702702703,0.05405405405405406,0.0,0.0,0.21621621621621623,0.029411764705882353,0.08823529411764706,2.135135135135135,3.6375861597263857,1
SARANDI - RS,SARANDI,RS,38,102,2,5,72,0.2631578947368421,0.02631578947368421,0.15789473684210525,1.0,0.21052631578947367,0.0196078431372549,0.049019607843137254,1.894736842105263,3.6635616461296463,0
SATUBA - AL,SATUBA,AL,34,99,2,17,67,0.35294117647058826,0.058823529411764705,0.11764705882352941,1.0,0.11764705882352941,0.020202020202020204,0.1717171717171717,1.9705882352941178,3.5553480614894135,0
SEABRA - BA,SEABRA,BA,54,144,6,28,118,0.2962962962962963,0.1111111111111111,0.07407407407407407,1.0,0.14814814814814814,0.041666666666666664,0.19444444444444445,2.185185185185185,4.007333185232471,0
SEBERI - RS,SEBERI,RS,39,100,3,9,73,0.38461538461538464,0.05128205128205128,0.07692307692307693,0.9743589743589743,0.3076923076923077,0.03,0.09,1.8717948717948718,3.6888794541139363,0
SEROPEDICA - RJ,SEROPEDICA,RJ,266,719,11,51,500,0.2819548872180451,0.06766917293233082,0.05263157894736842,0.6240601503759399,0.22932330827067668,0.015299026425591099,0.07093184979137691,1.8796992481203008,5.58724865840025,1
SERRA - ES,SERRA,ES,522,1136,13,133,959,0.2164750957854406,0.08237547892720307,0.06704980842911877,0.12452107279693486,0.1724137931034483,0.011443661971830986,0.11707746478873239,1.8371647509578544,6.259581464064923,1
SERRA TALHADA - PE,SERRA TALHADA,PE,81,281,4,31,152,0.3950617283950617,0.012345679012345678,0.024691358024691357,0.9876543209876543,0.1728395061728395,0.014234875444839857,0.1103202846975089,1.876543209876543,4.406719247264253,0
SETE LAGOAS - MG,SETE LAGOAS,MG,95,253,5,21,179,0.3894736842105263,0.06315789473684211,0.1368421052631579,0.042105263157894736,0.14736842105263157,0.019762845849802372,0.08300395256916997,1.8842105263157896,4.564348191467836,1
SIDROLANDIA - MS,SIDROLANDIA,MS,47,120,3,21,90,0.2553191489361702,0.02127659574468085,0.0,0.8297872340425532,0.23404255319148937,0.025,0.175,1.9148936170212767,3.8712010109078907,0
SILVA JARDIM - RJ,SILVA JARDIM,RJ,46,115,5,5,77,0.34782608695652173,0.021739130434782608,0.21739130434782608,0.021739130434782608,0.2608695652173913,0.043478260869565216,0.043478260869565216,1.673913043478261,3.8501476017100584,1
SIMOES FILHO - BA,SIMOES FILHO,BA,86,224,5,13,165,0.22093023255813954,0.06976744186046512,0.06976744186046512,0.03488372093023256,0.18604651162790697,0.022321428571428572,0.05803571428571429,1.9186046511627908,4.465908118654584,1
SINOP - MT,SINOP,MT,250,680,11,68,547,0.312,0.06,0.044,0.68,0.224,0.016176470588235296,0.1,2.188,5.5254529391317835,1
SOBRAL - CE,SOBRAL,CE,49,131,6,32,86,0.3673469387755102,0.08163265306122448,0.10204081632653061,1.0,0.22448979591836735,0.04580152671755725,0.24427480916030533,1.7551020408163265,3.912023005428146,0
SOLEDADE - RS,SOLEDADE,RS,41,176,7,11,108,0.1951219512195122,0.07317073170731707,0.04878048780487805,0.9512195121951219,0.24390243902439024,0.03977272727272727,0.0625,2.6341463414634148,3.7376696182833684,0
SOMBRIO - SC,SOMBRIO,SC,52,114,2,13,90,0.34615384615384615,0.019230769230769232,0.1346153846153846,0.09615384615384616,0.1346153846153846,0.017543859649122806,0.11403508771929824,1.7307692307692308,3.970291913552122,1
SOORETAMA - ES,SOORETAMA,ES,64,189,6,23,151,0.25,0.078125,0.078125,0.75,0.15625,0.031746031746031744,0.12169312169312169,2.359375,4.174387269895637,0
SORRISO - MT,SORRISO,MT,131,513,12,51,254,0.32061068702290074,0.07633587786259542,0.09923664122137404,0.5572519083969466,0.25190839694656486,0.023391812865497075,0.09941520467836257,1.9389312977099236,4.882801922586371,1
SOUSA - PB,SOUSA,PB,36,76,3,18,65,0.2777777777777778,0.027777777777777776,0.027777777777777776,1.0,0.25,0.039473684210526314,0.23684210526315788,1.8055555555555556,3.6109179126442243,0
TANGUA - RJ,TANGUA,RJ,53,138,7,7,98,0.32075471698113206,0.03773584905660377,0.07547169811320754,0.018867924528301886,0.22641509433962265,0.050724637681159424,0.050724637681159424,1.849056603773585,3.9889840465642745,1
TAUBATE - SP,TAUBATE,SP,203,588,5,38,454,0.4088669950738916,0.059113300492610835,0.034482758620689655,0.019704433497536946,0.3694581280788177,0.008503401360544218,0.06462585034013606,2.2364532019704435,5.318119993844216,1
TEIXEIRA DE FREITAS - BA,TEIXEIRA DE FREITAS,BA,78,227,14,33,151,0.3333333333333333,0.038461538461538464,0.038461538461538464,1.0,0.14102564102564102,0.06167400881057269,0.14537444933920704,1.935897435897436,4.3694478524670215,0
TEOFILO OTONI - MG,TEOFILO OTONI,MG,141,454,48,70,280,0.2907801418439716,0.0425531914893617,0.03546099290780142,0.8581560283687943,0.18439716312056736,0.10572687224669604,0.15418502202643172,1.9858156028368794,4.955827057601261,0
TERENOS - MS,TERENOS,MS,42,125,7,22,88,0.23809523809523808,0.023809523809523808,0.047619047619047616,0.9761904761904762,0.21428571428571427,0.056,0.176,2.0952380952380953,3.7612001156935624,0
TERESINA - PI,TERESINA,PI,482,1110,24,170,931,0.3132780082987552,0.03112033195020747,0.04564315352697095,0.26348547717842324,0.2157676348547718,0.021621621621621623,0.15315315315315314,1.9315352697095436,6.180016653652572,1
TERESOPOLIS - RJ,TERESOPOLIS,RJ,181,450,6,35,338,0.3812154696132597,0.055248618784530384,0.12154696132596685,0.988950276243094,0.16022099447513813,0.013333333333333334,0.07777777777777778,1.867403314917127,5.204006687076795,1
TERRA NOVA DO NORTE - MT,TERRA NOVA DO NORTE,MT,54,234,7,14,169,0.3333333333333333,0.018518518518518517,0.09259259259259259,0.9814814814814815,0.2037037037037037,0.029914529914529916,0.05982905982905983,3.1296296296296298,4.007333185232471,0
TIANGUA - CE,TIANGUA,CE,44,100,7,13,79,0.25,0.022727272727272728,0.09090909090909091,0.5681818181818182,0.13636363636363635,0.07,0.13,1.7954545454545454,3.8066624897703196,0
TIBAGI - PR,TIBAGI,PR,143,383,10,32,271,0.27972027972027974,0.02097902097902098,0.34965034965034963,0.1258741258741259,0.34265734265734266,0.02610966057441253,0.0835509138381201,1.8951048951048952,4.969813299576001,1
TIJUCAS - SC,TIJUCAS,SC,65,127,1,12,112,0.4153846153846154,0.07692307692307693,0.13846153846153847,0.06153846153846154,0.13846153846153847,0.007874015748031496,0.09448818897637795,1.7230769230769232,4.189654742026425,1
TIJUCAS DO SUL - PR,TIJUCAS DO SUL,PR,92,246,3,4,171,0.358695652173913,0.03260869565217391,0.2608695652173913,0.15217391304347827,0.18478260869565216,0.012195121951219513,0.016260162601626018,1.858695652173913,4.532599493153256,1
TIMON - MA,TIMON,MA,44,160,26,26,104,0.5454545454545454,0.06818181818181818,0.022727272727272728,0.8636363636363636,0.1590909090909091,0.1625,0.1625,2.3636363636363638,3.8066624897703196,0
TOLEDO - PR,TOLEDO,PR,60,136,2,13,103,0.43333333333333335,0.06666666666666667,0.18333333333333332,0.016666666666666666,0.16666666666666666,0.014705882352941176,0.09558823529411764,1.7166666666666666,4.110873864173311,1
TORRES - RS,TORRES,RS,30,73,5,3,56,0.3333333333333333,0.03333333333333333,0.03333333333333333,0.16666666666666666,0.23333333333333334,0.0684931506849315,0.0410958904109589,1.8666666666666667,3.4339872044851463,0
TRAIRAO - PA,TRAIRAO,PA,52,228,9,23,194,0.38461538461538464,0.038461538461538464,0.09615384615384616,0.9807692307692307,0.38461538461538464,0.039473684210526314,0.10087719298245613,3.730769230769231,3.970291913552122,0
TRES CACHOEIRAS - RS,TRES CACHOEIRAS,RS,43,113,4,9,84,0.46511627906976744,0.06976744186046512,0.16279069767441862,0.06976744186046512,0.18604651162790697,0.035398230088495575,0.07964601769911504,1.9534883720930232,3.784189633918261,1
TRES CORACOES - MG,TRES CORACOES,MG,50,155,3,8,93,0.24,0.0,0.16,0.02,0.26,0.01935483870967742,0.05161290322580645,1.86,3.9318256327243257,1
TRES LAGOAS - MS,TRES LAGOAS,MS,76,219,7,15,161,0.32894736842105265,0.039473684210526314,0.05263157894736842,0.7763157894736842,0.15789473684210525,0.0319634703196347,0.0684931506849315,2.1184210526315788,4.343805421853684,0
TRES MARIAS - MG,TRES MARIAS,MG,47,138,5,18,84,0.425531914893617,0.02127659574468085,0.06382978723404255,0.9574468085106383,0.1702127659574468,0.036231884057971016,0.13043478260869565,1.7872340425531914,3.8712010109078907,0
TRES RIOS - RJ,TRES RIOS,RJ,96,244,1,31,172,0.3541666666666667,0.08333333333333333,0.19791666666666666,0.4583333333333333,0.20833333333333334,0.004098360655737705,0.12704918032786885,1.7916666666666667,4.574710978503383,1
TRIUNFO - RS,TRIUNFO,RS,53,163,3,5,103,0.33962264150943394,0.03773584905660377,0.24528301886792453,0.5471698113207547,0.1509433962264151,0.018404907975460124,0.03067484662576687,1.9433962264150944,3.9889840465642745,1
TUBARAO - SC,TUBARAO,SC,188,440,1,32,344,0.3404255319148936,0.06382978723404255,0.14893617021276595,0.11702127659574468,0.15425531914893617,0.0022727272727272726,0.07272727272727272,1.8297872340425532,5.241747015059643,1
UBAPORANGA - MG,UBAPORANGA,MG,40,85,1,9,74,0.375,0.075,0.025,1.0,0.2,0.011764705882352941,0.10588235294117647,1.85,3.713572066704308,0
UBATUBA - SP,UBATUBA,SP,227,577,6,50,450,0.34801762114537443,0.02643171806167401,0.14977973568281938,0.920704845814978,0.2643171806167401,0.010398613518197574,0.08665511265164645,1.9823788546255507,5.429345628954441,1
UBERABA - MG,UBERABA,MG,379,1145,26,125,713,0.33509234828496043,0.04221635883905013,0.11081794195250659,0.12401055408970976,0.21635883905013192,0.022707423580786028,0.1091703056768559,1.8812664907651715,5.940171252720432,1
UBERLANDIA - MG,UBERLANDIA,MG,327,757,11,62,610,0.345565749235474,0.07339449541284404,0.13149847094801223,0.18042813455657492,0.20489296636085627,0.01453104359313078,0.08190224570673713,1.8654434250764527,5.793013608384144,1
UBIRATA - PR,UBIRATA,PR,32,100,8,9,69,0.34375,0.03125,0.0625,1.0,0.21875,0.08,0.09,2.15625,3.4965075614664802,0
URUACU - GO,URUACU,GO,54,320,5,16,121,0.3888888888888889,0.018518518518518517,0.05555555555555555,0.9814814814814815,0.12962962962962962,0.015625,0.05,2.240740740740741,4.007333185232471,0
URUGUAIANA - RS,URUGUAIANA,RS,79,193,6,10,141,0.31645569620253167,0.06329113924050633,0.02531645569620253,0.9240506329113924,0.25316455696202533,0.031088082901554404,0.05181347150259067,1.7848101265822784,4.382026634673881,0
VACARIA - RS,VACARIA,RS,130,342,6,15,269,0.34615384615384615,0.08461538461538462,0.12307692307692308,0.9615384615384616,0.2692307692307692,0.017543859649122806,0.043859649122807015,2.0692307692307694,4.875197323201151,1
VALPARAISO DE GOIAS - GO,VALPARAISO DE GOIAS,GO,183,461,4,24,381,0.3442622950819672,0.04918032786885246,0.04371584699453552,0.02185792349726776,0.15300546448087432,0.008676789587852495,0.052060737527114966,2.081967213114754,5.214935757608986,1
VARGEM - SP,VARGEM,SP,30,74,5,1,54,0.4,0.0,0.1,0.06666666666666667,0.23333333333333334,0.06756756756756757,0.013513513513513514,1.8,3.4339872044851463,1
VARGEM BONITA - SC,VARGEM BONITA,SC,30,81,5,8,60,0.3,0.0,0.13333333333333333,1.0,0.23333333333333334,0.06172839506172839,0.09876543209876543,2.0,3.4339872044851463,0
VARZEA GRANDE - MT,VARZEA GRANDE,MT,163,481,16,50,430,0.26993865030674846,0.1165644171779141,0.07975460122699386,0.9202453987730062,0.2085889570552147,0.033264033264033266,0.10395010395010396,2.638036809815951,5.099866427824199,0
VASSOURAS - RJ,VASSOURAS,RJ,68,157,8,19,128,0.3235294117647059,0.029411764705882353,0.08823529411764706,0.9852941176470589,0.1323529411764706,0.050955414012738856,0.12101910828025478,1.8823529411764706,4.23410650459726,0
VENDA NOVA DO IMIGRANTE - ES,VENDA NOVA DO IMIGRANTE,ES,56,153,2,35,110,0.3392857142857143,0.07142857142857142,0.10714285714285714,0.9642857142857143,0.17857142857142858,0.013071895424836602,0.22875816993464052,1.9642857142857142,4.04305126783455,0
VERANOPOLIS - RS,VERANOPOLIS,RS,43,121,0,12,85,0.4186046511627907,0.13953488372093023,0.06976744186046512,0.9767441860465116,0.37209302325581395,0.0,0.09917355371900827,1.9767441860465116,3.784189633918261,0
VIANA - ES,VIANA,ES,123,314,6,43,259,0.3252032520325203,0.04878048780487805,0.06504065040650407,0.35772357723577236,0.11382113821138211,0.01910828025477707,0.13694267515923567,2.105691056910569,4.820281565605037,1
VILA PROPICIO - GO,VILA PROPICIO,GO,30,68,4,9,54,0.3333333333333333,0.1,0.13333333333333333,1.0,0.23333333333333334,0.058823529411764705,0.1323529411764706,1.8,3.4339872044851463,0
VILHENA - RO,VILHENA,RO,222,634,8,49,529,0.30180180180180183,0.08108108108108109,0.08558558558558559,0.6756756756756757,0.22972972972972974,0.012618296529968454,0.07728706624605679,2.3828828828828827,5.407171771460119,1
VITORIA DA CONQUISTA - BA,VITORIA DA CONQUISTA,BA,365,1117,36,103,804,0.28493150684931506,0.07671232876712329,0.0410958904109589,0.8876712328767123,0.1726027397260274,0.03222918531781558,0.09221128021486123,2.202739726027397,5.902633333401366,1
VOLTA REDONDA - RJ,VOLTA REDONDA,RJ,93,246,1,20,191,0.40860215053763443,0.03225806451612903,0.07526881720430108,0.8064516129032258,0.16129032258064516,0.0040650406504065045,0.08130081300813008,2.053763440860215,4.543294782270004,0
WANDERLANDIA - TO,WANDERLANDIA,TO,32,137,15,14,86,0.28125,0.03125,0.125,0.96875,0.1875,0.10948905109489052,0.10218978102189781,2.6875,3.4965075614664802,0
XANXERE - SC,XANXERE,SC,69,182,4,17,137,0.36231884057971014,0.014492753623188406,0.08695652173913043,0.5797101449275363,0.18840579710144928,0.02197802197802198,0.09340659340659341,1.9855072463768115,4.248495242049359,1
XAXIM - SC,XAXIM,SC,47,134,1,8,105,0.3829787234042553,0.02127659574468085,0.10638297872340426,0.9787234042553191,0.2553191489361702,0.007462686567164179,0.05970149253731343,2.234042553191489,3.8712010109078907,0
